"COUNTRY","year_offsetted","value","variance","upr","lwr"
"Albania",2008,22.2832057174477,69.3151583885022,38.601327927594,5.96508350730138
"Albania",2009,22.2832057174477,94.4264983425019,41.3291721154164,3.23723931947891
"Albania",2010,22.2832057174477,135.192634448772,45.0725897481406,-0.506178313245265
"Albania",2011,22.2832057174477,163.046968892226,47.3104156237951,-2.74400418889977
"Albania",2012,22.2832057174477,114.556152016436,43.261263625327,1.30514780956833
"Albania",2013,22.2832057174477,94.6957379020161,41.3563057990911,3.21010563580429
"Albania",2014,22.2832057174477,128.192813689766,44.4747697243086,0.0916417105867247
"Albania",2015,22.2832057174477,121.343074684008,43.8737489182587,0.692662516636663
"Albania",2016,22.2832057174477,142.5815146364,45.6870760518003,-1.12066461690498
"Albania",2017,22.2832057174477,132.641710123903,44.8565615515275,-0.290150116632141
"Albania",2018,22.2832057174477,116.930140029155,43.477516886627,1.08889454826834
"Albania",2019,22.2832057174477,131.26495171311,44.7391055769742,-0.172694142078832
"Albania",2020,22.2832057174477,139.446424832217,45.4283431254529,-0.861931690557576
"Armenia",2008,35.2999540398974,33.6191561577992,46.6644316035957,23.9354764761992
"Armenia",2009,35.2999540398974,54.6178611244501,49.7851180118961,20.8147900678988
"Armenia",2010,35.2999540398974,67.6530149960559,51.4212388028699,19.178669276925
"Armenia",2011,35.2999540398974,123.406278366828,57.0732762249478,13.526631854847
"Armenia",2012,35.2999540398974,75.3928888270964,52.3184534366766,18.2814546431183
"Armenia",2013,35.2999540398974,46.4590666887771,48.6594881108,21.9404199689949
"Armenia",2014,35.2999540398974,57.8200457313958,50.2036947677057,20.3962133120892
"Armenia",2015,35.2999540398974,70.0521727163588,51.7046005373738,18.8953075424211
"Armenia",2016,35.2999540398974,93.748761362149,54.2774470684519,16.322461011343
"Armenia",2017,35.2999540398974,84.3869844455175,53.3049822111028,17.294925868692
"Armenia",2018,35.2999540398974,73.9055785307152,52.1497513824056,18.4501566973893
"Armenia",2019,35.2999540398974,66.0740383572226,51.2319980315862,19.3679100482087
"Armenia",2020,35.2999540398974,62.6888603894021,50.8185082918865,19.7813997879084
"Aruba",2008,148.554954738378,387.313222939689,187.128293681813,109.981615794944
"Aruba",2009,148.554954738378,365.729684617715,186.038113042174,111.071796434583
"Aruba",2010,148.554954738378,201.60794886022,176.384742670402,120.725166806355
"Aruba",2011,148.554954738378,413.444425819866,188.408287174068,108.701622302689
"Aruba",2012,148.554954738378,297.626894090049,182.368612871392,114.741296605365
"Aruba",2013,148.554954738378,180.321021864369,174.874552713921,122.235356762836
"Aruba",2014,148.554954738378,213.912181286605,177.221399157431,119.888510319326
"Aruba",2015,148.554954738378,234.757266415785,178.585664264843,118.524245211914
"Aruba",2016,148.554954738378,194.886188087379,175.916876822846,121.193032653911
"Aruba",2017,148.554954738378,225.29054298142,177.973930755865,119.135978720892
"Aruba",2018,148.554954738378,348.015058519594,185.119071694882,111.990837781875
"Aruba",2019,148.554954738378,277.145159821258,181.184402266177,115.92550721058
"Aruba",2020,148.554954738378,224.789120358291,177.941174038731,119.168735438026
"Australia",2008,838.596452745809,1063.88506855108,902.526264878693,774.666640612925
"Australia",2009,838.596452745809,1241.24676357873,907.649863718505,769.543041773113
"Australia",2010,838.596452745809,1478.30575727513,913.955986961117,763.236918530502
"Australia",2011,838.596452745809,1698.07928911235,919.36365770583,757.829247785789
"Australia",2012,838.596452745809,1464.84897853289,913.612209996749,763.58069549487
"Australia",2013,838.596452745809,1381.37178256928,911.443400793879,765.74950469774
"Australia",2014,838.596452745809,1256.62426179452,908.076289850612,769.116615641007
"Australia",2015,838.596452745809,1198.78676863777,906.458513209657,770.734392281962
"Australia",2016,838.596452745809,1230.47043304374,907.34945424815,769.843451243469
"Australia",2017,838.596452745809,1262.98813035216,908.251999556963,768.940905934655
"Australia",2018,838.596452745809,1322.21179332434,909.866424158984,767.326481332634
"Australia",2019,838.596452745809,1317.25876500539,909.732809636254,767.460095855365
"Australia",2020,838.596452745809,1305.26722155286,909.408277735125,767.784627756494
"Bangladesh",2008,20.3781160904293,31.3457951221913,31.3516299552499,9.40460222560869
"Bangladesh",2009,20.3781160904293,38.9285238896363,32.6070905925872,8.14914158827144
"Bangladesh",2010,20.3781160904293,68.1215097862892,36.5551242190979,4.20110796176074
"Bangladesh",2011,20.3781160904293,78.5924880571937,37.7539873526284,3.00224482823023
"Bangladesh",2012,20.3781160904293,65.4623251458351,36.2362391912329,4.51999298962572
"Bangladesh",2013,20.3781160904293,65.2275136512928,36.2077723230455,4.54845985781306
"Bangladesh",2014,20.3781160904293,76.9068033210273,37.5666348060737,3.18959737478488
"Bangladesh",2015,20.3781160904293,76.1916331260977,37.486528577192,3.26970360366663
"Bangladesh",2016,20.3781160904293,74.5568044652157,37.3019873979515,3.45424478290711
"Bangladesh",2017,20.3781160904293,76.6153158115207,37.5340304415077,3.22220173935089
"Bangladesh",2018,20.3781160904293,71.1651070971169,36.9125612103686,3.84367097049
"Bangladesh",2019,20.3781160904293,75.6122634134353,37.4213573059098,3.3348748749488
"Bangladesh",2020,20.3781160904293,79.3799197853747,37.8408163354514,2.91541584540719
"Belarus",2008,38.9258632287754,186.787435155146,65.7132223911119,12.138504066439
"Belarus",2009,38.9258632287754,269.916569429084,71.126973351235,6.72475310631582
"Belarus",2010,38.9258632287754,360.789040774606,76.1549805838743,1.6967458736765
"Belarus",2011,38.9258632287754,420.2693752271,79.1067894484686,-1.25506299091775
"Belarus",2012,38.9258632287754,330.700095657902,74.568779600467,3.28294685708386
"Belarus",2013,38.9258632287754,239.429931217554,69.253969397235,8.59775706031584
"Belarus",2014,38.9258632287754,244.142363262859,69.5509722524278,8.30075420512298
"Belarus",2015,38.9258632287754,330.585231392093,74.5625890171509,3.28913744039998
"Belarus",2016,38.9258632287754,397.59026323725,78.0076077555007,-0.155881297949826
"Belarus",2017,38.9258632287754,564.454763770151,85.4920464575887,-7.64032000003789
"Belarus",2018,38.9258632287754,564.985238601751,85.5139227785408,-7.66219632098997
"Belarus",2019,38.9258632287754,563.221209593569,85.4411359762791,-7.58940951872823
"Belarus",2020,38.9258632287754,581.752244802457,86.2001630504874,-8.34843659293659
"Bosnia and Herzegovina",2008,240.110258221688,314.399729294748,274.863646546551,205.356869896825
"Bosnia and Herzegovina",2009,240.110258221688,498.298904786205,283.86257327617,196.357943167206
"Bosnia and Herzegovina",2010,240.110258221688,495.139050581098,283.723629757403,196.496886685973
"Bosnia and Herzegovina",2011,240.110258221688,524.234306748003,284.986738841308,195.233777602068
"Bosnia and Herzegovina",2012,240.110258221688,521.49926725676,284.869520783683,195.350995659693
"Bosnia and Herzegovina",2013,240.110258221688,489.762870436049,283.486208275458,196.734308167918
"Bosnia and Herzegovina",2014,240.110258221688,526.053114293516,285.064519909207,195.155996534169
"Bosnia and Herzegovina",2015,240.110258221688,589.181923558878,287.685475273676,192.5350411697
"Bosnia and Herzegovina",2016,240.110258221688,697.439849526689,291.872067752864,188.348448690512
"Bosnia and Herzegovina",2017,240.110258221688,649.849842380777,290.074877248455,190.145639194921
"Bosnia and Herzegovina",2018,240.110258221688,553.988755091611,286.242711024026,193.97780541935
"Bosnia and Herzegovina",2019,240.110258221688,519.829237974745,284.797795641015,195.422720802361
"Bosnia and Herzegovina",2020,240.110258221688,520.26107165517,284.816353252125,195.404163191251
"Botswana",2008,209.065728554653,355.338969615894,246.012584790014,172.118872319292
"Botswana",2009,209.065728554653,387.206712837611,247.633763350802,170.497693758504
"Botswana",2010,209.065728554653,318.807751621869,244.061897754018,174.069559355288
"Botswana",2011,209.065728554653,213.706149829056,237.718364474988,180.413092634317
"Botswana",2012,209.065728554653,179.952391699301,235.358410197118,182.773046912188
"Botswana",2013,209.065728554653,254.904107084176,240.358533123348,177.772923985957
"Botswana",2014,209.065728554653,175.486569863256,235.03011198247,183.101345126836
"Botswana",2015,209.065728554653,198.298852215426,236.666179106606,181.4652780027
"Botswana",2016,209.065728554653,151.394133883748,233.182023973473,184.949433135833
"Botswana",2017,209.065728554653,77.909081997787,226.365888363241,191.765568746065
"Botswana",2018,209.065728554653,63.3595092502171,224.667071148662,193.464385960644
"Botswana",2019,209.065728554653,61.2300524305839,224.402656846111,193.728800263195
"Botswana",2020,209.065728554653,60.2233305923778,224.276052246267,193.855404863039
"Brazil",2008,118.13409916279,516.605999863917,162.682877025681,73.5853212998987
"Brazil",2009,118.13409916279,639.134758946768,167.685083915567,68.5831144100132
"Brazil",2010,118.13409916279,730.974651465725,171.12572322802,65.1424750975593
"Brazil",2011,118.13409916279,934.89573480714,178.0631860475,58.20501227808
"Brazil",2012,118.13409916279,794.574230351257,173.382957642557,62.8852406830223
"Brazil",2013,118.13409916279,690.561076438186,169.640015631143,66.6281826944371
"Brazil",2014,118.13409916279,753.251776633009,171.927147274171,64.3410510514087
"Brazil",2015,118.13409916279,663.191981546993,168.609026763639,67.6591715619411
"Brazil",2016,118.13409916279,561.84761173853,164.592615984302,71.6755823412776
"Brazil",2017,118.13409916279,752.929670006421,171.915644513371,64.3525538122083
"Brazil",2018,118.13409916279,657.25663816255,168.382652387388,67.8855459381919
"Brazil",2019,118.13409916279,575.353095122056,165.147676459363,71.1205218662164
"Brazil",2020,118.13409916279,580.946394237222,165.375645158891,70.8925531666891
"Bulgaria",2008,473.57671981157,1989.88139109265,561.00856956909,386.144870054051
"Bulgaria",2009,473.57671981157,1534.03446171045,550.343553718583,396.809885904558
"Bulgaria",2010,473.57671981157,1072.93166519282,537.777765636422,409.375673986718
"Bulgaria",2011,473.57671981157,1267.24182550629,543.349466617648,403.803973005493
"Bulgaria",2012,473.57671981157,988.031136721469,535.185326473539,411.968113149601
"Bulgaria",2013,473.57671981157,674.901543814694,524.495299629929,422.658139993212
"Bulgaria",2014,473.57671981157,766.249705657545,527.831902690757,419.321536932383
"Bulgaria",2015,473.57671981157,691.78808086755,525.128374406363,422.025065216778
"Bulgaria",2016,473.57671981157,652.979547001563,523.661510195091,423.49192942805
"Bulgaria",2017,473.57671981157,697.972795849261,525.358302372695,421.795137250446
"Bulgaria",2018,473.57671981157,743.736466995743,527.028922868234,420.124516754906
"Bulgaria",2019,473.57671981157,762.69359152384,527.705858925341,419.447580697799
"Bulgaria",2020,473.57671981157,764.721732354563,527.777780751494,419.375658871647
"Canada",2008,465.435355563346,1237.23496678182,534.37708348185,396.493627644842
"Canada",2009,465.435355563346,1832.59789510797,549.340707441798,381.530003684894
"Canada",2010,465.435355563346,2017.8727253407,553.480002542415,377.390708584277
"Canada",2011,465.435355563346,2029.37247898419,553.730527091951,377.140184034742
"Canada",2012,465.435355563346,1513.62585238386,541.689831330463,389.180879796229
"Canada",2013,465.435355563346,1696.73460889874,546.170575099466,384.700136027227
"Canada",2014,465.435355563346,1692.91824977897,546.079727644421,384.790983482271
"Canada",2015,465.435355563346,1918.81799969246,551.291812674146,379.578898452546
"Canada",2016,465.435355563346,2191.50798935307,557.189903635356,373.680807491336
"Canada",2017,465.435355563346,2240.7166087191,558.214323676035,372.656387450657
"Canada",2018,465.435355563346,2345.45549192575,560.357965187092,370.512745939601
"Canada",2019,465.435355563346,2975.34427286904,572.346919758496,358.523791368196
"Canada",2020,465.435355563346,3313.59833983642,578.26052732176,352.610183804932
"Chile",2008,190.203463720356,305.918509634765,224.484895233829,155.922032206884
"Chile",2009,190.203463720356,421.220696213386,230.429840969288,149.977086471425
"Chile",2010,190.203463720356,546.558118489984,236.025485369244,144.381442071469
"Chile",2011,190.203463720356,722.566750593264,242.889443155867,137.517484284845
"Chile",2012,190.203463720356,612.468822014382,238.709754308799,141.697173131913
"Chile",2013,190.203463720356,425.150999733866,230.617076285649,149.789851155063
"Chile",2014,190.203463720356,398.586502446296,229.334141043879,151.072786396833
"Chile",2015,190.203463720356,442.671963218439,231.441414856415,148.965512584298
"Chile",2016,190.203463720356,406.29233471139,229.710585015476,150.696342425237
"Chile",2017,190.203463720356,757.702150503804,244.155188265318,136.251739175395
"Chile",2018,190.203463720356,700.619061464827,242.083114707263,138.323812733449
"Chile",2019,190.203463720356,576.222166050253,237.252534626152,143.15439281456
"Chile",2020,190.203463720356,576.276824622355,237.254766034631,143.152161406082
"China",2008,11058.1149547816,40642.9373833056,11453.2527892795,10662.9771202837
"China",2009,11058.1149547816,32692.8860072087,11412.5059688964,10703.7239406668
"China",2010,11058.1149547816,39956.3971851141,11449.9012427325,10666.3286668307
"China",2011,11058.1149547816,55090.5939598058,11518.1541115454,10598.0757980178
"China",2012,11058.1149547816,46951.9626769963,11482.815625631,10633.4142839322
"China",2013,11058.1149547816,35821.8819715487,11429.0776776823,10687.1522318809
"China",2014,11058.1149547816,28385.4679795284,11388.3355080338,10727.8944015295
"China",2015,11058.1149547816,19648.6470928399,11332.8552733951,10783.3746361681
"China",2016,11058.1149547816,14750.8977981828,11296.1633720868,10820.0665374764
"China",2017,11058.1149547816,11167.8557861136,11265.2439841037,10850.9859254595
"China",2018,11058.1149547816,9843.99664662883,11252.5801123747,10863.6497971886
"China",2019,11058.1149547816,9479.92638520674,11248.9501852853,10867.2797242779
"China",2020,11058.1149547816,9374.0270304486,11247.8812906797,10868.3486188836
"Colombia",2008,42.8840190365787,26.1359693758081,52.9041956794381,32.8638423937194
"Colombia",2009,42.8840190365787,36.0960717317258,54.6597002977456,31.1083377754118
"Colombia",2010,42.8840190365787,43.38397249936,55.7938551607726,29.9741829123848
"Colombia",2011,42.8840190365787,54.2635503366756,57.3221233087251,28.4459147644323
"Colombia",2012,42.8840190365787,66.510689969281,58.8686199570268,26.8994181161306
"Colombia",2013,42.8840190365787,49.4051204891201,56.6606191567464,29.1074189164111
"Colombia",2014,42.8840190365787,59.4960547538093,58.0022214410392,27.7658166321183
"Colombia",2015,42.8840190365787,61.5202183166449,58.2572448101509,27.5107932630066
"Colombia",2016,42.8840190365787,95.8798615725357,62.0759985128353,23.6920395603222
"Colombia",2017,42.8840190365787,87.5024500863805,61.2183969167207,24.5496411564367
"Colombia",2018,42.8840190365787,53.5077845486319,57.2212260561493,28.5468120170081
"Colombia",2019,42.8840190365787,45.3220000584812,56.0790558089663,29.6889822641911
"Colombia",2020,42.8840190365787,45.6576088377531,56.1278202322745,29.640217840883
"Croatia",2008,31.0222458459051,115.588790651751,52.0946424387886,9.94984925302169
"Croatia",2009,31.0222458459051,154.937531904049,55.4191313553835,6.62536033642679
"Croatia",2010,31.0222458459051,278.812408454194,63.7496922528222,-1.70520056101199
"Croatia",2011,31.0222458459051,255.603263884192,62.3579363367418,-0.313444644931561
"Croatia",2012,31.0222458459051,186.898275144323,57.8175516623057,4.22694002950457
"Croatia",2013,31.0222458459051,177.727158076251,57.1518583662952,4.89263332551504
"Croatia",2014,31.0222458459051,204.568080807573,59.0555963276148,2.98889536419546
"Croatia",2015,31.0222458459051,239.149624780307,61.3325938900307,0.711897801779553
"Croatia",2016,31.0222458459051,266.26716374259,63.0049276633127,-0.960435971502431
"Croatia",2017,31.0222458459051,260.072473546212,62.6307006384939,-0.58620894668362
"Croatia",2018,31.0222458459051,283.750530099121,64.0382425206806,-1.99375082887032
"Croatia",2019,31.0222458459051,309.729998771308,65.516575282493,-3.47208359068279
"Croatia",2020,31.0222458459051,314.906651721464,65.8036402005479,-3.75914850873763
"Cuba",2008,554.177815628397,461.558478780096,596.286283328868,512.069347927925
"Cuba",2009,554.177815628397,551.158547485835,600.19227722496,508.163354031833
"Cuba",2010,554.177815628397,795.073888345574,609.444042652397,498.911588604396
"Cuba",2011,554.177815628397,914.501342844822,613.449633203638,494.905998053155
"Cuba",2012,554.177815628397,841.500478321106,611.034725828638,497.320905428155
"Cuba",2013,554.177815628397,752.467080827925,607.942837135958,500.412794120835
"Cuba",2014,554.177815628397,726.245991501355,606.99776073393,501.357870522863
"Cuba",2015,554.177815628397,844.592551671368,611.139089723177,497.216541533616
"Cuba",2016,554.177815628397,952.937636178371,614.682404075413,493.67322718138
"Cuba",2017,554.177815628397,848.608340847562,611.274346190244,497.081285066549
"Cuba",2018,554.177815628397,884.948153363513,612.484048793996,495.871582462797
"Cuba",2019,554.177815628397,815.753312909778,610.158150808477,498.197480448316
"Cuba",2020,554.177815628397,761.907740187692,608.279061221313,500.07657003548
"Curacao",2008,96.1719265513157,143.708031380139,119.668070348755,72.6757827538765
"Curacao",2009,96.1719265513157,184.306163275122,122.780770134563,69.5630829680687
"Curacao",2010,96.1719265513157,155.171192082945,120.587201514048,71.7566515885831
"Curacao",2011,96.1719265513157,177.658533065197,122.296493928083,70.0473591745483
"Curacao",2012,96.1719265513157,163.981892557005,121.270787849131,71.0730652535001
"Curacao",2013,96.1719265513157,140.28141053975,119.386255461054,72.9575976415776
"Curacao",2014,96.1719265513157,156.367276226088,120.681119282822,71.6627338198091
"Curacao",2015,96.1719265513157,203.406969710883,124.125606359909,68.218246742723
"Curacao",2016,96.1719265513157,176.64952172463,122.222201073043,70.1216520295888
"Curacao",2017,96.1719265513157,168.126807370683,121.586016013565,70.7578370890664
"Curacao",2018,96.1719265513157,255.061475902257,127.474389167316,64.8694639353152
"Curacao",2019,96.1719265513157,233.417407934407,126.116814501028,66.2270386016036
"Curacao",2020,96.1719265513157,203.757510644445,124.149682946204,68.1941701564277
"Cyprus",2008,19.9285430053619,28.2743402185384,30.3505728164657,9.50651319425803
"Cyprus",2009,19.9285430053619,36.7531720558213,31.8109243226586,8.04616168806511
"Cyprus",2010,19.9285430053619,51.4975328601766,33.9938521820439,5.86323382867988
"Cyprus",2011,19.9285430053619,73.2518299972938,36.7036504600879,3.15343555063587
"Cyprus",2012,19.9285430053619,51.678836233469,34.0185897502983,5.83849626042541
"Cyprus",2013,19.9285430053619,46.5518292053051,33.3014075853649,6.55567842535883
"Cyprus",2014,19.9285430053619,56.3177459603246,34.637392480463,5.21969353026074
"Cyprus",2015,19.9285430053619,61.5794831197841,35.3091718076236,4.54791420310016
"Cyprus",2016,19.9285430053619,56.7863949348372,34.6984656450263,5.15862036569749
"Cyprus",2017,19.9285430053619,59.0764352580132,34.9933375173087,4.86374849341503
"Cyprus",2018,19.9285430053619,74.9220063760195,36.8938128144193,2.96327319630441
"Cyprus",2019,19.9285430053619,75.4215674134498,36.9502789149426,2.90680709578118
"Cyprus",2020,19.9285430053619,72.3443184596168,36.5994138222827,3.257672188441
"Czech Republic",2008,39.7480717469536,139.082308517675,62.8629716256357,16.6331718682715
"Czech Republic",2009,39.7480717469536,205.364433154948,67.8359340082231,11.6602094856841
"Czech Republic",2010,39.7480717469536,259.371843440348,71.3139215495558,8.18222194435141
"Czech Republic",2011,39.7480717469536,233.435881724913,69.6941446653586,9.80199882854867
"Czech Republic",2012,39.7480717469536,252.144256301871,70.8710114379479,8.62513205595934
"Czech Republic",2013,39.7480717469536,279.3010678329,72.5041854081752,6.99195808573199
"Czech Republic",2014,39.7480717469536,259.527717948177,71.3234051778093,8.17273831609789
"Czech Republic",2015,39.7480717469536,289.779912753865,73.1130011314922,6.38314236241499
"Czech Republic",2016,39.7480717469536,384.951900720479,78.2036463988528,1.29249709505442
"Czech Republic",2017,39.7480717469536,415.344981955115,79.6928997310465,-0.19675623713929
"Czech Republic",2018,39.7480717469536,365.068482219077,77.1973318370115,2.29881165689569
"Czech Republic",2019,39.7480717469536,305.235373044742,73.9912054979508,5.50493799595647
"Czech Republic",2020,39.7480717469536,287.333793582327,72.9718810021529,6.52426249175433
"Egypt",2008,96.9365704487606,59.8080146690188,112.094356208973,81.7787846885481
"Egypt",2009,96.9365704487606,75.0394724026086,113.915134498228,79.9580063992934
"Egypt",2010,96.9365704487606,89.2858354603519,115.456842193648,78.4162987038729
"Egypt",2011,96.9365704487606,140.586279136055,120.176111105346,73.6970297921755
"Egypt",2012,96.9365704487606,105.097306619498,117.029898025582,76.8432428719389
"Egypt",2013,96.9365704487606,86.8421647304066,115.201642581888,78.6714983156337
"Egypt",2014,96.9365704487606,101.648980600728,116.697509795759,77.175631101762
"Egypt",2015,96.9365704487606,102.736125322457,116.802901238284,77.0702396592376
"Egypt",2016,96.9365704487606,112.600627741553,117.734805266455,76.1383356310663
"Egypt",2017,96.9365704487606,112.378426601637,117.714273970393,76.1588669271284
"Egypt",2018,96.9365704487606,108.649089830279,117.366605776483,76.5065351210379
"Egypt",2019,96.9365704487606,102.895948465581,116.818347925268,77.0547929722528
"Egypt",2020,96.9365704487606,100.350759472714,116.570914786945,77.3022261105767
"Estonia",2008,52.4342529499034,234.502265492765,82.4486478816192,22.4198580181876
"Estonia",2009,52.4342529499034,389.22554892311,91.1027009242277,13.7658049755792
"Estonia",2010,52.4342529499034,449.384904774019,93.9837060170603,10.8847998827466
"Estonia",2011,52.4342529499034,449.136343542945,93.9722136287159,10.8962922710909
"Estonia",2012,52.4342529499034,462.436594595455,94.5827573337828,10.285748566024
"Estonia",2013,52.4342529499034,411.508293005249,92.1941606259653,12.6743452738415
"Estonia",2014,52.4342529499034,332.758350172298,88.1879167904373,16.6805891093695
"Estonia",2015,52.4342529499034,492.794494867892,95.9442441184212,8.92426178138564
"Estonia",2016,52.4342529499034,576.498051072955,99.4945856410549,5.3739202587519
"Estonia",2017,52.4342529499034,788.489985408167,107.471178081528,-2.60267218172084
"Estonia",2018,52.4342529499034,568.470884364203,99.1658027784028,5.70270312140401
"Estonia",2019,52.4342529499034,642.370916081799,102.110526071182,2.7579798286251
"Estonia",2020,52.4342529499034,761.894534328125,106.535029682543,-1.66652378273626
"France",2008,108.393438210878,571.917146001045,155.266425187148,61.5204512346075
"France",2009,108.393438210878,703.469263988218,160.37850841894,56.4083680028159
"France",2010,108.393438210878,966.820992094365,169.337178851158,47.449697570598
"France",2011,108.393438210878,1007.86244220118,170.617262892105,46.1696135296512
"France",2012,108.393438210878,890.883959159346,166.894889624553,49.8919867972032
"France",2013,108.393438210878,851.934512222708,165.60175598159,51.185120440166
"France",2014,108.393438210878,817.932821092662,164.448506897925,52.3383695238308
"France",2015,108.393438210878,1123.27235341659,174.083339054806,42.7035373669494
"France",2016,108.393438210878,1299.21240241076,179.040832820313,37.7460436014433
"France",2017,108.393438210878,1239.87897849397,177.408792182168,39.3780842395882
"France",2018,108.393438210878,1070.98171355828,172.536117846246,44.2507585755095
"France",2019,108.393438210878,1100.8890566529,173.425548741275,43.3613276804809
"France",2020,108.393438210878,1151.67049276329,174.908529468422,41.8783469533335
"Georgia",2008,25.9613253689299,33.6574609469828,37.3322752841274,14.5903754537325
"Georgia",2009,25.9613253689299,51.8743203010337,40.0779959703306,11.8446547675292
"Georgia",2010,25.9613253689299,70.9930177340052,42.4757668347184,9.44688390314145
"Georgia",2011,25.9613253689299,114.567293133609,46.940403358729,4.98224737913084
"Georgia",2012,25.9613253689299,75.5515417710422,42.9977217856501,8.92492895220978
"Georgia",2013,25.9613253689299,51.5952761149288,40.0399763242989,11.882674413561
"Georgia",2014,25.9613253689299,63.3069646895593,41.5561974604673,10.3664532773926
"Georgia",2015,25.9613253689299,74.9011366614891,42.9242321539941,8.99841858386576
"Georgia",2016,25.9613253689299,79.9397155715855,43.4854918637965,8.43715887406341
"Georgia",2017,25.9613253689299,82.8440376123033,43.8009905813554,8.12166015650445
"Georgia",2018,25.9613253689299,82.3005405146967,43.7423758564928,8.1802748813671
"Georgia",2019,25.9613253689299,91.8455538229147,44.7451982274783,7.1774525103816
"Georgia",2020,25.9613253689299,97.0722143967994,45.2722709394282,6.65037979843173
"Germany",2008,94.372278395192,454.476731095883,136.156459734282,52.5880970561022
"Germany",2009,94.372278395192,588.728314773539,141.929177937046,46.8153788533377
"Germany",2010,94.372278395192,713.542172226513,146.728210330603,42.0163464597812
"Germany",2011,94.372278395192,755.046213372627,148.229362732281,40.5151940581034
"Germany",2012,94.372278395192,668.734458027402,145.057683532747,43.6868732576372
"Germany",2013,94.372278395192,711.015061812481,146.635415130934,42.1091416594504
"Germany",2014,94.372278395192,653.651298760847,144.482824484011,44.2617323063729
"Germany",2015,94.372278395192,1023.89837201954,157.089165961064,31.6553908293198
"Germany",2016,94.372278395192,1193.00006902489,162.070351227186,26.6742055631977
"Germany",2017,94.372278395192,1155.97612002779,161.011590086556,27.7329667038281
"Germany",2018,94.372278395192,896.234647322228,153.049147953418,35.695408836966
"Germany",2019,94.372278395192,881.454508218432,152.563305528006,36.1812512623778
"Germany",2020,94.372278395192,932.81696415694,154.234701078419,34.5098557119653
"Greece",2008,253.884408887193,692.764212317168,305.472421041546,202.29639673284
"Greece",2009,253.884408887193,643.834741317664,303.617250574009,204.151567200377
"Greece",2010,253.884408887193,570.736564556344,300.708992028954,207.059825745432
"Greece",2011,253.884408887193,566.599817663491,300.5389891504,207.229828623986
"Greece",2012,253.884408887193,412.149358095995,293.675274347265,214.093543427121
"Greece",2013,253.884408887193,373.826225299859,291.780197929143,215.988619845244
"Greece",2014,253.884408887193,400.395449069399,293.103781104823,214.665036669563
"Greece",2015,253.884408887193,454.243907238645,295.657886047324,212.110931727062
"Greece",2016,253.884408887193,513.548379719646,298.30115635401,209.467661420376
"Greece",2017,253.884408887193,490.530218597109,297.294325815962,210.474491958424
"Greece",2018,253.884408887193,477.731207213677,296.72425255675,211.044565217636
"Greece",2019,253.884408887193,536.593968161208,299.286824991274,208.481992783112
"Greece",2020,253.884408887193,565.408378786282,300.489911008138,207.278906766248
"Guatemala",2008,42.0912557662342,66.894606175013,58.1219238459472,26.0605876865212
"Guatemala",2009,42.0912557662342,86.3912189029213,60.3088436015505,23.873667930918
"Guatemala",2010,42.0912557662342,92.1538896713868,60.9066319931822,23.2758795392862
"Guatemala",2011,42.0912557662342,97.7432737176457,61.468834570453,22.7136769620155
"Guatemala",2012,42.0912557662342,113.434536571273,62.966363327447,21.2161482050215
"Guatemala",2013,42.0912557662342,102.236957603926,61.9092651599963,22.2732463724721
"Guatemala",2014,42.0912557662342,99.2007083480881,61.6127680332184,22.56974349925
"Guatemala",2015,42.0912557662342,125.260578094398,64.0275507315979,20.1549608008706
"Guatemala",2016,42.0912557662342,136.493884634025,64.9900528352959,19.1924586971725
"Guatemala",2017,42.0912557662342,115.820421617748,63.1847555158429,20.9977560166256
"Guatemala",2018,42.0912557662342,124.56182155878,63.966280193654,20.2162313388145
"Guatemala",2019,42.0912557662342,106.664683658195,62.3338605576469,21.8486509748216
"Guatemala",2020,42.0912557662342,94.4630944163802,61.1409125481809,23.0415989842876
"Honduras",2008,27.3017764515231,35.5465334648802,38.9874755302553,15.6160773727908
"Honduras",2009,27.3017764515231,46.9465429237372,40.7312157285677,13.8723371744784
"Honduras",2010,27.3017764515231,68.0571960696856,43.4711463966169,11.1324065064292
"Honduras",2011,27.3017764515231,82.6790548060853,45.1236690823033,9.47988382074288
"Honduras",2012,27.3017764515231,72.6474143810709,44.0075331565132,10.596019746533
"Honduras",2013,27.3017764515231,64.873670682433,43.0884383308956,11.5151145721505
"Honduras",2014,27.3017764515231,67.5835066208015,43.414777383518,11.1887755195281
"Honduras",2015,27.3017764515231,79.7756697828729,44.8079528769417,9.7956000261044
"Honduras",2016,27.3017764515231,74.0175938322153,44.1643381924282,10.4392147106179
"Honduras",2017,27.3017764515231,75.1301246068529,44.2905929697413,10.3129599333048
"Honduras",2018,27.3017764515231,82.9060063103191,45.1481125976826,9.45544030536349
"Honduras",2019,27.3017764515231,81.6941643256667,45.0172019805213,9.58635092252486
"Honduras",2020,27.3017764515231,80.0003792417663,44.8325909475803,9.77096195546587
"India",2008,4869.69226446639,3543.68561101076,4986.36883727884,4753.01569165394
"India",2009,4869.69226446639,4360.2491742589,4999.11534288687,4740.26918604592
"India",2010,4869.69226446639,5827.66717939081,5019.31701588255,4720.06751305023
"India",2011,4869.69226446639,6486.98074285552,5027.55418267897,4711.83034625382
"India",2012,4869.69226446639,5669.93521052785,5017.2782499283,4722.10627900448
"India",2013,4869.69226446639,5971.90048340648,5021.15728649146,4718.22724244132
"India",2014,4869.69226446639,6855.15546965085,5031.97216233489,4707.41236659789
"India",2015,4869.69226446639,7411.58644852193,5038.42978400678,4700.95474492601
"India",2016,4869.69226446639,8812.62806642208,5053.68843828522,4685.69609064757
"India",2017,4869.69226446639,9618.42609708947,5061.9164713046,4677.46805762818
"India",2018,4869.69226446639,9378.44049379814,5059.5032678381,4679.88126109468
"India",2019,4869.69226446639,9052.43267942359,5056.17503949206,4683.20948944073
"India",2020,4869.69226446639,8981.3678539814,5055.44161910284,4683.94290982995
"Indonesia",2008,219.758521110343,179.767962955892,246.037725940234,193.479316280452
"Indonesia",2009,219.758521110343,212.985373448075,248.362797200434,191.154245020252
"Indonesia",2010,219.758521110343,252.790833573208,250.921339761018,188.595702459668
"Indonesia",2011,219.758521110343,343.469921812968,256.08308651224,183.433955708446
"Indonesia",2012,219.758521110343,322.001790926708,254.929561470617,184.587480750069
"Indonesia",2013,219.758521110343,241.888545829797,250.241943451999,189.275098768687
"Indonesia",2014,219.758521110343,202.864181374808,247.674879024109,191.842163196577
"Indonesia",2015,219.758521110343,211.08002421645,248.234564041725,191.282478178961
"Indonesia",2016,219.758521110343,238.820973151652,250.048034979988,189.469007240698
"Indonesia",2017,219.758521110343,242.972150544243,250.31014649314,189.206895727546
"Indonesia",2018,219.758521110343,224.021081159012,249.094495363476,190.42254685721
"Indonesia",2019,219.758521110343,197.700574071472,247.317304199459,192.199738021227
"Indonesia",2020,219.758521110343,188.723046417937,246.684316458283,192.832725762403
"Iran",2008,1958.82088014836,2849.80634058235,2063.45269193608,1854.18906836064
"Iran",2009,1958.82088014836,2726.90591682478,2061.17165821123,1856.4701020855
"Iran",2010,1958.82088014836,3407.61321189398,2073.23541993598,1844.40634036075
"Iran",2011,1958.82088014836,4258.94531107844,2086.73164711909,1830.91011317764
"Iran",2012,1958.82088014836,2796.79812846518,2062.4750150891,1855.16674520763
"Iran",2013,1958.82088014836,1816.27925587213,2042.35182285439,1875.28993744233
"Iran",2014,1958.82088014836,1788.85321612563,2041.71876018801,1875.92300010871
"Iran",2015,1958.82088014836,2200.37851803249,2050.76093733169,1866.88082296503
"Iran",2016,1958.82088014836,2728.84060258077,2061.20795969883,1856.43380059789
"Iran",2017,1958.82088014836,3137.56627289978,2068.60828650251,1849.03347379421
"Iran",2018,1958.82088014836,3613.64284561261,2076.64350257591,1840.99825772081
"Iran",2019,1958.82088014836,3444.10262179677,2073.84637572171,1843.79538457501
"Iran",2020,1958.82088014836,3260.04511358053,2070.73061747417,1846.91114282256
"Iraq",2008,299.491501057601,159.644622893834,324.256209481263,274.72679263394
"Iraq",2009,299.491501057601,251.192821109566,330.555665967905,268.427336147298
"Iraq",2010,299.491501057601,282.664887517906,332.444276841878,266.538725273325
"Iraq",2011,299.491501057601,378.514636505184,337.624188185554,261.358813929649
"Iraq",2012,299.491501057601,300.335904021139,333.45869712804,265.524304987163
"Iraq",2013,299.491501057601,293.887943700467,333.092095167226,265.890906947977
"Iraq",2014,299.491501057601,311.051641682657,334.05934719658,264.923654918623
"Iraq",2015,299.491501057601,325.857133966169,334.872467209537,264.110534905666
"Iraq",2016,299.491501057601,358.531024391333,336.603935406506,262.379066708697
"Iraq",2017,299.491501057601,436.96548524651,340.462791104694,258.520211010509
"Iraq",2018,299.491501057601,442.5340398994,340.723027438243,258.25997467696
"Iraq",2019,299.491501057601,364.514668117374,336.912344835364,262.070657279839
"Iraq",2020,299.491501057601,343.247046039553,335.804279140055,263.178722975147
"Israel",2008,71.1117798540231,74.4240345913041,88.0205755321887,54.2029841758574
"Israel",2009,71.1117798540231,112.476784841056,91.8985741389868,50.3249855690593
"Israel",2010,71.1117798540231,148.042015408677,94.9595933050288,47.2639664030173
"Israel",2011,71.1117798540231,212.776773126642,99.702044834315,42.5215148737311
"Israel",2012,71.1117798540231,163.01416122177,96.1364716952736,46.0870880127725
"Israel",2013,71.1117798540231,129.684250346827,93.4320624716865,48.7914972363596
"Israel",2014,71.1117798540231,119.81998803777,92.5663939508997,49.6571657571465
"Israel",2015,71.1117798540231,148.213710281789,94.9734183019277,47.2501414061184
"Israel",2016,71.1117798540231,158.794261669331,95.810444506771,46.4131152012751
"Israel",2017,71.1117798540231,153.680779200984,95.4095180487296,46.8140416593165
"Israel",2018,71.1117798540231,160.491129951808,95.9420582419684,46.2815014660777
"Israel",2019,71.1117798540231,158.983816117946,95.8251816433094,46.3983780647367
"Israel",2020,71.1117798540231,156.453768857836,95.6277501273829,46.5958095806632
"Italy",2008,31.930336423576,149.505627806432,55.8957452408941,7.96492760625783
"Italy",2009,31.930336423576,215.503108155328,60.7031836982116,3.15748914894037
"Italy",2010,31.930336423576,290.640608625126,65.3447788414031,-1.4841059942511
"Italy",2011,31.930336423576,288.327332868048,65.2115365513643,-1.35086370421229
"Italy",2012,31.930336423576,225.8084878087,61.3831102618056,2.47756258534639
"Italy",2013,31.930336423576,228.188530658679,61.537920914351,2.32275193280099
"Italy",2014,31.930336423576,282.479631738512,64.8723119758508,-1.0116391286988
"Italy",2015,31.930336423576,310.302642191728,66.4565385061066,-2.59586565895466
"Italy",2016,31.930336423576,340.058130486541,68.0740400810195,-4.21336723386752
"Italy",2017,31.930336423576,291.962963849959,65.4207070086561,-1.56003416150417
"Italy",2018,31.930336423576,332.121454499438,67.6497678244962,-3.78909497734419
"Italy",2019,31.930336423576,381.026841014665,70.1893577445917,-6.32868489743973
"Italy",2020,31.930336423576,387.232093019377,70.4996352056804,-6.6389623585284
"Jamaica",2008,76.2374246915444,79.9016830349155,93.7574219959658,58.7174273871231
"Jamaica",2009,76.2374246915444,68.6414180155386,92.4760475225758,59.9988018605131
"Jamaica",2010,76.2374246915444,72.2208311076199,92.894061350337,59.5807880327518
"Jamaica",2011,76.2374246915444,83.419060970875,94.138895710031,58.3359536730579
"Jamaica",2012,76.2374246915444,63.3942706108582,91.8430464343226,60.6318029487662
"Jamaica",2013,76.2374246915444,73.6639109649542,93.0596504765875,59.4151989065014
"Jamaica",2014,76.2374246915444,81.4907395265682,93.9307800817824,58.5440693013064
"Jamaica",2015,76.2374246915444,75.0616722949936,93.2185000487898,59.256349334299
"Jamaica",2016,76.2374246915444,83.5953167644653,94.1577977033533,58.3170516797355
"Jamaica",2017,76.2374246915444,91.8964199213862,95.0264982921772,57.4483510909116
"Jamaica",2018,76.2374246915444,94.9996246949587,95.3411038719576,57.1337455111312
"Jamaica",2019,76.2374246915444,101.883432987806,96.0211401202993,56.4537092627895
"Jamaica",2020,76.2374246915444,104.897489118168,96.3116418418184,56.1632075412704
"Jordan",2008,30.663952030037,12.2480402041307,37.5234032652444,23.8045007948296
"Jordan",2009,30.663952030037,16.8068216489828,38.6991922907095,22.6287117693645
"Jordan",2010,30.663952030037,26.9367936381092,40.8364830051759,20.4914210548981
"Jordan",2011,30.663952030037,37.8028845627143,42.7148259127113,18.6130781473626
"Jordan",2012,30.663952030037,29.7414256556947,41.3529492140069,19.974954846067
"Jordan",2013,30.663952030037,29.7380070401285,41.3523348752272,19.9755691848467
"Jordan",2014,30.663952030037,34.6902664500408,42.2080469531774,19.1198571068965
"Jordan",2015,30.663952030037,33.015641973408,41.9259629608186,19.4019410992554
"Jordan",2016,30.663952030037,28.7109561084885,41.1661427056231,20.1617613544508
"Jordan",2017,30.663952030037,27.9062119344404,41.0179128068289,20.309991253245
"Jordan",2018,30.663952030037,31.11055742557,41.5962124278719,19.731691632202
"Jordan",2019,30.663952030037,26.5318680473301,40.7597345302012,20.5681695298727
"Jordan",2020,30.663952030037,23.7968457225547,40.2252261359167,21.1026779241572
"Kazakhstan",2008,756.618679773629,1405.96222241752,830.111158801344,683.126200745914
"Kazakhstan",2009,756.618679773629,1502.79818819079,832.599924299852,680.637435247406
"Kazakhstan",2010,756.618679773629,1731.31638351191,838.172496477075,675.064863070183
"Kazakhstan",2011,756.618679773629,1972.28716979943,843.663141926609,669.574217620649
"Kazakhstan",2012,756.618679773629,1560.92475251725,834.055418659446,679.181940887811
"Kazakhstan",2013,756.618679773629,1497.05652967197,832.454636709556,680.782722837702
"Kazakhstan",2014,756.618679773629,1653.22386189046,836.31199685755,676.925362689708
"Kazakhstan",2015,756.618679773629,2144.8739030809,847.391735170457,665.845624376801
"Kazakhstan",2016,756.618679773629,2423.79582159732,853.113519160242,660.123840387016
"Kazakhstan",2017,756.618679773629,2286.70861886539,850.344982539892,662.892377007366
"Kazakhstan",2018,756.618679773629,2681.78222489365,858.119096497657,655.118263049601
"Kazakhstan",2019,756.618679773629,2819.60843250448,860.694650844329,652.542708702929
"Kazakhstan",2020,756.618679773629,2777.19865665967,859.908981154852,653.328378392406
"Kuwait",2008,487.696022900911,636.907578788152,537.160597645597,438.231448156226
"Kuwait",2009,487.696022900911,507.303567450899,531.84188776637,443.550158035452
"Kuwait",2010,487.696022900911,523.736862781822,532.551206905245,442.840838896577
"Kuwait",2011,487.696022900911,596.774105707262,535.576785264151,439.815260537672
"Kuwait",2012,487.696022900911,532.459210754913,532.923175188404,442.468870613418
"Kuwait",2013,487.696022900911,511.060350627558,532.005045040548,443.387000761274
"Kuwait",2014,487.696022900911,592.106220544067,535.389159271275,440.002886530548
"Kuwait",2015,487.696022900911,517.734352515604,532.293425164092,443.098620637731
"Kuwait",2016,487.696022900911,483.730943147488,530.804035974995,444.588009826827
"Kuwait",2017,487.696022900911,421.197563312025,527.921295544108,447.470750257715
"Kuwait",2018,487.696022900911,456.002272258992,529.550273928855,445.841771872967
"Kuwait",2019,487.696022900911,556.030035345044,533.913389591167,441.478656210656
"Kuwait",2020,487.696022900911,593.893631379493,535.461091458461,439.930954343361
"Lebanon",2008,18.9186985073649,46.839961274492,32.3328848498938,5.504512164836
"Lebanon",2009,18.9186985073649,77.3780160341546,36.1597943657147,1.67760264901504
"Lebanon",2010,18.9186985073649,86.8315148508635,37.1826506385734,0.654746376156339
"Lebanon",2011,18.9186985073649,97.5183209373096,38.2739660516994,-0.436569036969619
"Lebanon",2012,18.9186985073649,77.3937555328718,36.1615477862712,1.67584922845856
"Lebanon",2013,18.9186985073649,73.39568437431,35.7102696397024,2.12712737502741
"Lebanon",2014,18.9186985073649,81.0618627189154,36.5654333844175,1.27196363031226
"Lebanon",2015,18.9186985073649,90.0829522192196,37.5214582285824,0.315938786147338
"Lebanon",2016,18.9186985073649,91.2558263504927,37.6421699405167,0.195227074213051
"Lebanon",2017,18.9186985073649,92.2407008793859,37.7429349194547,0.0944620952750448
"Lebanon",2018,18.9186985073649,103.96273668826,38.9032737908584,-1.06587677612864
"Lebanon",2019,18.9186985073649,110.613590208996,39.5326056611987,-1.69520864646889
"Lebanon",2020,18.9186985073649,111.216599113887,39.5887175483796,-1.75132053364981
"Macedonia (FYROM)",2008,39.1672707353242,44.8135912966259,52.2880897770273,26.0464516936212
"Macedonia (FYROM)",2009,39.1672707353242,63.5281437437102,54.7893614086572,23.5451800619913
"Macedonia (FYROM)",2010,39.1672707353242,92.1495302084055,57.9822019137424,20.3523395569061
"Macedonia (FYROM)",2011,39.1672707353242,100.521626138626,58.8183236072227,19.5162178634258
"Macedonia (FYROM)",2012,39.1672707353242,70.3867042222095,55.6110404655303,22.7235010051182
"Macedonia (FYROM)",2013,39.1672707353242,62.8457144791895,54.705227381655,23.6293140889935
"Macedonia (FYROM)",2014,39.1672707353242,76.5250577352086,56.3130766888389,22.0214647818096
"Macedonia (FYROM)",2015,39.1672707353242,83.2625995995947,57.051945812658,21.2825956579905
"Macedonia (FYROM)",2016,39.1672707353242,85.8283703716626,57.3254167755944,21.0091246950541
"Macedonia (FYROM)",2017,39.1672707353242,98.9039231581602,58.6595592414076,19.6749822292409
"Macedonia (FYROM)",2018,39.1672707353242,98.2894633581118,58.5989150928284,19.7356263778201
"Macedonia (FYROM)",2019,39.1672707353242,110.744140461391,59.7933389500005,18.541202520648
"Macedonia (FYROM)",2020,39.1672707353242,118.875497204635,60.5371586634657,17.7973828071827
"Mali",2008,21.7620692117568,13.2429310077106,28.8946734878415,14.6294649356722
"Mali",2009,21.7620692117568,17.8791333154447,30.0496791533873,13.4744592701264
"Mali",2010,21.7620692117568,27.8081760210598,32.0978269973526,11.4263114261611
"Mali",2011,21.7620692117568,33.0814115759148,33.0352919413065,10.4888464822072
"Mali",2012,21.7620692117568,27.743190804509,32.0857430633758,11.4383953601378
"Mali",2013,21.7620692117568,25.5556066669511,31.670369700325,11.8537687231887
"Mali",2014,21.7620692117568,28.9630462546589,32.3102651945729,11.2138732289407
"Mali",2015,21.7620692117568,28.558897682876,32.2364122144724,11.2877262090413
"Mali",2016,21.7620692117568,29.5844926889378,32.4228284302095,11.1013099933042
"Mali",2017,21.7620692117568,27.334785361529,32.0094743196293,11.5146641038844
"Mali",2018,21.7620692117568,34.8963147319648,33.3403973585281,10.1837410649856
"Mali",2019,21.7620692117568,33.4452348402695,33.097112844773,10.4270255787407
"Mali",2020,21.7620692117568,30.5134247356915,32.5889049667054,10.9352334568083
"Mexico",2008,2308.21611887751,5853.65777228963,2458.17415200021,2158.25808575482
"Mexico",2009,2308.21611887751,6063.96478927285,2460.84418685477,2155.58805090025
"Mexico",2010,2308.21611887751,4904.56848476666,2445.4800627633,2170.95217499173
"Mexico",2011,2308.21611887751,4904.73337100545,2445.48237007588,2170.94986767914
"Mexico",2012,2308.21611887751,4812.76514641714,2444.18934633967,2172.24289141535
"Mexico",2013,2308.21611887751,5090.43776145202,2448.05683435192,2168.37540340311
"Mexico",2014,2308.21611887751,5490.28183553159,2453.44513353842,2162.98710421661
"Mexico",2015,2308.21611887751,6394.75080598385,2464.95180306037,2151.48043469466
"Mexico",2016,2308.21611887751,6295.76688647822,2463.73402161252,2152.69821614251
"Mexico",2017,2308.21611887751,4928.68138983873,2445.81707246143,2170.61516529359
"Mexico",2018,2308.21611887751,4053.39318707792,2433.00199655395,2183.43024120108
"Mexico",2019,2308.21611887751,3993.99961985625,2432.08439140781,2184.34784634722
"Mexico",2020,2308.21611887751,4075.76425407652,2433.34587536437,2183.08636239065
"Morocco",2008,197.533319813467,242.266660764692,228.040558364238,167.026081262697
"Morocco",2009,197.533319813467,324.298944804295,232.829591944674,162.237047682261
"Morocco",2010,197.533319813467,487.48752210724,240.808394220419,154.258245406516
"Morocco",2011,197.533319813467,505.28274141088,241.591170185496,153.475469441439
"Morocco",2012,197.533319813467,390.1452483464,236.247425589625,158.81921403731
"Morocco",2013,197.533319813467,365.957927879559,235.028172470094,160.038467156841
"Morocco",2014,197.533319813467,381.396249259163,235.810882838744,159.255756788191
"Morocco",2015,197.533319813467,412.188143168922,237.32605747749,157.740582149445
"Morocco",2016,197.533319813467,433.34492533069,238.334519123664,156.732120503271
"Morocco",2017,197.533319813467,487.884578496369,240.826014309787,154.240625317148
"Morocco",2018,197.533319813467,510.147440943189,241.802749549204,153.26389007773
"Morocco",2019,197.533319813467,482.255596383033,240.575544419836,154.491095207099
"Morocco",2020,197.533319813467,469.749377426156,240.013776594443,155.052863032492
"Namibia",2008,51.3333903742513,19.8385727513287,60.063330871271,42.6034498772317
"Namibia",2009,51.3333903742513,39.6129642190577,63.6694012101712,38.9973795383315
"Namibia",2010,51.3333903742513,59.0635837485859,66.396546196607,36.2702345518957
"Namibia",2011,51.3333903742513,80.2025022153054,68.8863369220626,33.7804438264401
"Namibia",2012,51.3333903742513,60.0834354231238,66.5260374616246,36.140743286878
"Namibia",2013,51.3333903742513,43.376226358367,64.2420739313885,38.4247068171142
"Namibia",2014,51.3333903742513,57.0856873069252,66.1421842602599,36.5245964882428
"Namibia",2015,51.3333903742513,54.3307256426213,65.7804286738024,36.8863520747003
"Namibia",2016,51.3333903742513,28.552980234958,61.8066481706877,40.860132577815
"Namibia",2017,51.3333903742513,25.5493065004342,61.2404694519648,41.4263112965379
"Namibia",2018,51.3333903742513,24.5489353854701,61.0445792910021,41.6222014575006
"Namibia",2019,51.3333903742513,21.7364913127557,60.4713827701271,42.1953979783756
"Namibia",2020,51.3333903742513,21.2009678906516,60.3581140957138,42.3086666527889
"Oman",2008,35.0122579507791,18.2466895331997,43.3846221635174,26.6398937380409
"Oman",2009,35.0122579507791,31.5703204035626,46.02500251616,23.9995133853983
"Oman",2010,35.0122579507791,47.9064328775335,48.5782946801387,21.4462212214196
"Oman",2011,35.0122579507791,63.6481288655699,50.6490943267848,19.3754215747735
"Oman",2012,35.0122579507791,39.7482963809643,47.3693229492775,22.6551929522808
"Oman",2013,35.0122579507791,29.1895671497679,45.6016224814084,24.4228934201499
"Oman",2014,35.0122579507791,30.8223384107492,45.8937603855872,24.1307555159711
"Oman",2015,35.0122579507791,32.0146904264245,46.1022369743009,23.9222789272574
"Oman",2016,35.0122579507791,28.2024866058804,45.421036579665,24.6034793218933
"Oman",2017,35.0122579507791,27.4963163095434,45.2898962366278,24.7346196649305
"Oman",2018,35.0122579507791,31.4755703891177,46.0084641696,24.0160517319583
"Oman",2019,35.0122579507791,33.8943762892983,46.4231578255904,23.6013580759679
"Oman",2020,35.0122579507791,34.2357439410506,46.4804763792858,23.5440395222725
"Pakistan",2008,318.515471357235,230.374912383347,348.264559803973,288.766382910496
"Pakistan",2009,318.515471357235,287.73191507038,351.762289625068,285.268653089401
"Pakistan",2010,318.515471357235,351.510463983629,355.262751507465,281.768191207004
"Pakistan",2011,318.515471357235,459.133274453678,360.513166379,276.517776335469
"Pakistan",2012,318.515471357235,372.972067956904,356.36794150468,280.663001209789
"Pakistan",2013,318.515471357235,326.349459540367,353.923155322305,283.107787392165
"Pakistan",2014,318.515471357235,350.405942718636,355.204972165339,281.82597054913
"Pakistan",2015,318.515471357235,414.626000794455,358.425711204321,278.605231510148
"Pakistan",2016,318.515471357235,403.828935800823,357.902642362175,279.128300352294
"Pakistan",2017,318.515471357235,423.082033183997,358.830629036198,278.200313678272
"Pakistan",2018,318.515471357235,400.904079869755,357.759746267438,279.271196447031
"Pakistan",2019,318.515471357235,371.022897898291,356.268902520058,280.762040194411
"Pakistan",2020,318.515471357235,365.533322126388,355.988565842221,281.042376872248
"Peru",2008,396.116783961054,641.731037804564,445.768309162501,346.465258759606
"Peru",2009,396.116783961054,321.7987069489,431.276731523797,360.95683639831
"Peru",2010,396.116783961054,330.123453600509,431.72861148158,360.504956440527
"Peru",2011,396.116783961054,465.43890112851,438.401888697536,353.831679224571
"Peru",2012,396.116783961054,358.350802908165,433.219889551449,359.013678370658
"Peru",2013,396.116783961054,275.506631421881,428.649633133395,363.583934788712
"Peru",2014,396.116783961054,542.445682120746,441.766092087629,350.467475834478
"Peru",2015,396.116783961054,816.109906115127,452.109353247807,340.1242146743
"Peru",2016,396.116783961054,739.188524041262,449.405306495995,342.828261426113
"Peru",2017,396.116783961054,1306.16709462732,466.953014173568,325.280553748539
"Peru",2018,396.116783961054,1699.02678016065,476.906518944312,315.327048977795
"Peru",2019,396.116783961054,1580.4961592019,474.037474699714,318.196093222393
"Peru",2020,396.116783961054,1521.34898524226,472.565552830844,319.668015091263
"Poland",2008,262.529548186183,818.026797608268,318.58783700855,206.471259363816
"Poland",2009,262.529548186183,1005.42572880076,324.678107942311,200.380988430055
"Poland",2010,262.529548186183,1626.78051726012,341.582948082117,183.476148290249
"Poland",2011,262.529548186183,1548.9167690674,339.66785682754,185.391239544825
"Poland",2012,262.529548186183,1151.15711034873,329.029812509836,196.02928386253
"Poland",2013,262.529548186183,1263.89498420584,332.210097633824,192.848998738542
"Poland",2014,262.529548186183,1291.92621167543,332.978563330274,192.080533042092
"Poland",2015,262.529548186183,1613.18493683241,341.251916375506,183.80717999686
"Poland",2016,262.529548186183,1882.80669314974,347.576536330408,177.482560041957
"Poland",2017,262.529548186183,2004.72644793033,350.286924641779,174.772171730587
"Poland",2018,262.529548186183,1761.12858015287,344.782521102153,180.276575270213
"Poland",2019,262.529548186183,1785.4805325709,345.349243995358,179.709852377007
"Poland",2020,262.529548186183,1865.11014278886,347.175913285564,177.883183086802
"Portugal",2008,52.2101744381716,185.256912083073,78.8875609941731,25.53278788217
"Portugal",2009,52.2101744381716,239.183600345918,82.5226754746892,21.897673401654
"Portugal",2010,52.2101744381716,406.83050266369,91.7434523067323,12.6768965696109
"Portugal",2011,52.2101744381716,408.188545765628,91.8093804581568,12.6109684181863
"Portugal",2012,52.2101744381716,279.726813681344,84.9912440887832,19.42910478756
"Portugal",2013,52.2101744381716,252.579714484336,83.3599775059764,21.0603713703667
"Portugal",2014,52.2101744381716,315.029052485708,86.9983277094951,17.422021166848
"Portugal",2015,52.2101744381716,332.330048295718,87.9408211372285,16.4795277391146
"Portugal",2016,52.2101744381716,391.588687728028,90.9958303276366,13.4245185487065
"Portugal",2017,52.2101744381716,398.383101091632,91.3308661645919,13.0894827117512
"Portugal",2018,52.2101744381716,650.940045043943,102.216686784473,2.20366209187
"Portugal",2019,52.2101744381716,523.215772288432,97.0430386208584,7.37731025548475
"Portugal",2020,52.2101744381716,410.258906644424,91.9096784119647,12.5106704643784
"Puerto Rico",2008,67.5309066877524,132.351538066808,90.0795578367115,44.9822555387934
"Puerto Rico",2009,67.5309066877524,176.82413309444,93.5940528849329,41.467760490572
"Puerto Rico",2010,67.5309066877524,257.225633726163,98.9658871159701,36.0959262595347
"Puerto Rico",2011,67.5309066877524,279.27407488347,100.285437459423,34.7763759160815
"Puerto Rico",2012,67.5309066877524,211.844564912953,96.0584737163232,39.0033396591816
"Puerto Rico",2013,67.5309066877524,211.00309921854,96.0017603096223,39.0600530658825
"Puerto Rico",2014,67.5309066877524,237.027428102772,97.7064691149817,37.3553442605232
"Puerto Rico",2015,67.5309066877524,278.766144065429,100.255637688049,34.8061756874562
"Puerto Rico",2016,67.5309066877524,275.775353389382,100.07961783859,34.982195536915
"Puerto Rico",2017,67.5309066877524,308.488637314751,101.956042113896,33.1057712616086
"Puerto Rico",2018,67.5309066877524,377.830530190594,105.629118782025,29.4326945934797
"Puerto Rico",2019,67.5309066877524,344.606205941933,103.915507836405,31.1463055390999
"Puerto Rico",2020,67.5309066877524,318.079799542061,102.487098670301,32.574714705204
"Qatar",2008,308.164742332344,455.713503227148,350.005738902662,266.323745762025
"Qatar",2009,308.164742332344,397.687327350697,347.251257100873,269.078227563814
"Qatar",2010,308.164742332344,484.690382663939,351.315484782987,265.0139998817
"Qatar",2011,308.164742332344,644.002626248229,357.904067709707,258.42541695498
"Qatar",2012,308.164742332344,410.178244544423,347.860343401503,268.469141263184
"Qatar",2013,308.164742332344,393.950843025894,347.06720444682,269.262280217867
"Qatar",2014,308.164742332344,392.638579188316,347.002357678935,269.327126985752
"Qatar",2015,308.164742332344,478.959331469429,351.059615776299,265.269868888388
"Qatar",2016,308.164742332344,492.056196444342,351.642128227319,264.687356437368
"Qatar",2017,308.164742332344,798.744377851758,363.558391805503,252.771092859184
"Qatar",2018,308.164742332344,1042.74467397713,371.456194674271,244.873289990416
"Qatar",2019,308.164742332344,664.648932704946,358.695083117651,257.634401547036
"Qatar",2020,308.164742332344,506.501272086513,352.275685269981,264.053799394706
"Romania",2008,279.283269716223,1078.39726665085,343.647630503587,214.918908928859
"Romania",2009,279.283269716223,940.732484270336,339.399140429146,219.1673990033
"Romania",2010,279.283269716223,853.772554084241,336.553267479188,222.013271953258
"Romania",2011,279.283269716223,1040.14976604498,342.495921465998,216.070617966448
"Romania",2012,279.283269716223,669.407372281247,329.994169544126,228.57236988832
"Romania",2013,279.283269716223,344.981913062166,315.687699628249,242.878839804197
"Romania",2014,279.283269716223,320.512464027117,314.372879030186,244.19366040226
"Romania",2015,279.283269716223,452.264351269506,320.965624878053,237.600914554393
"Romania",2016,279.283269716223,406.02742930997,318.777509453648,239.789029978798
"Romania",2017,279.283269716223,331.587180122056,314.97395913457,243.592580297876
"Romania",2018,279.283269716223,361.590254229634,316.553701973558,242.012837458889
"Romania",2019,279.283269716223,353.175787414071,316.117494357579,242.449045074867
"Romania",2020,279.283269716223,338.592622593921,315.34900718209,243.217532250357
"Russia",2008,3938.08979877121,19231.5486976193,4209.89840326484,3666.28119427758
"Russia",2009,3938.08979877121,23718.3175096297,4239.94454619949,3636.23505134292
"Russia",2010,3938.08979877121,28622.4051719307,4269.68568491651,3606.4939126259
"Russia",2011,3938.08979877121,28707.4244315374,4270.17780171048,3606.00179583193
"Russia",2012,3938.08979877121,23713.0057202486,4239.91074366222,3636.26885388019
"Russia",2013,3938.08979877121,24453.2916036223,4244.58574495072,3631.59385259169
"Russia",2014,3938.08979877121,27891.5977476898,4265.42504268412,3610.7545548583
"Russia",2015,3938.08979877121,29718.0958805616,4275.97296960806,3600.20662793435
"Russia",2016,3938.08979877121,25983.5124110677,4254.03007996111,3622.1495175813
"Russia",2017,3938.08979877121,28453.6491835412,4268.70670502903,3607.47289251339
"Russia",2018,3938.08979877121,28016.0572654575,4266.15455699888,3610.02504054353
"Russia",2019,3938.08979877121,30667.0539421055,4281.32522005519,3594.85437748722
"Russia",2020,3938.08979877121,32884.0162258785,4293.51522939391,3582.6643681485
"Saudi Arabia",2008,1736.08861059597,2270.82916983434,1829.48891754855,1642.68830364339
"Saudi Arabia",2009,1736.08861059597,2228.76745747244,1828.61986512451,1643.55735606743
"Saudi Arabia",2010,1736.08861059597,2592.37958093154,1835.88282584969,1636.29439534225
"Saudi Arabia",2011,1736.08861059597,2697.33607155134,1837.88294370185,1634.29427749009
"Saudi Arabia",2012,1736.08861059597,2119.90402960818,1826.33174507247,1645.84547611948
"Saudi Arabia",2013,1736.08861059597,1925.22039544192,1822.08818426427,1650.08903692767
"Saudi Arabia",2014,1736.08861059597,2122.25448581252,1826.38176001882,1645.79546117312
"Saudi Arabia",2015,1736.08861059597,2508.5305025109,1834.25566605984,1637.9215551321
"Saudi Arabia",2016,1736.08861059597,3763.82644259759,1856.33467357469,1615.84254761725
"Saudi Arabia",2017,1736.08861059597,4340.20828306741,1865.21391462361,1606.96330656833
"Saudi Arabia",2018,1736.08861059597,3627.27314064067,1854.1332313844,1618.04398980754
"Saudi Arabia",2019,1736.08861059597,3510.0888217792,1852.21077565393,1619.96644553801
"Saudi Arabia",2020,1736.08861059597,3616.47656341353,1853.95742057558,1618.21980061636
"Serbia",2008,382.790167422064,460.21110382633,424.837128982434,340.743205861694
"Serbia",2009,382.790167422064,656.274774616486,433.001173926283,332.579160917846
"Serbia",2010,382.790167422064,973.871833535321,443.955729920167,321.624604923962
"Serbia",2011,382.790167422064,1043.04162957433,446.09063127639,319.489703567739
"Serbia",2012,382.790167422064,688.024237676301,434.201391016308,331.378943827821
"Serbia",2013,382.790167422064,713.671894340644,435.150858300805,330.429476543324
"Serbia",2014,382.790167422064,726.584859538173,435.622434043911,329.957900800218
"Serbia",2015,382.790167422064,719.676952052893,435.370686428693,330.209648415436
"Serbia",2016,382.790167422064,848.601086899742,439.886453951348,325.693880892781
"Serbia",2017,382.790167422064,773.699247530652,437.308449028455,328.271885815673
"Serbia",2018,382.790167422064,831.05906291365,439.293233675933,326.287101168196
"Serbia",2019,382.790167422064,816.612532564617,438.799976429954,326.780358414175
"Serbia",2020,382.790167422064,780.205179463996,437.537187591466,328.043147252663
"Singapore",2008,226.461009237376,328.21548300035,261.969777161569,190.952241313184
"Singapore",2009,226.461009237376,281.002594370255,259.316747952748,193.605270522005
"Singapore",2010,226.461009237376,387.780052395926,265.057587444313,187.86443103044
"Singapore",2011,226.461009237376,500.745627752521,270.320607999496,182.601410475257
"Singapore",2012,226.461009237376,470.585414921715,268.979251557153,183.9427669176
"Singapore",2013,226.461009237376,321.99581615621,261.631723295321,191.290295179432
"Singapore",2014,226.461009237376,292.274839545834,259.969262304334,192.952756170419
"Singapore",2015,226.461009237376,261.525745705696,258.157654244427,194.764364230326
"Singapore",2016,226.461009237376,235.249640529059,256.523195103618,196.398823371135
"Singapore",2017,226.461009237376,231.023203460787,256.251926282928,196.670092191824
"Singapore",2018,226.461009237376,194.40427940591,253.789080515199,199.132937959554
"Singapore",2019,226.461009237376,169.881685923356,252.007388328026,200.914630146727
"Singapore",2020,226.461009237376,166.04725967168,251.717437186608,201.204581288145
"Slovakia",2008,38.5635148238503,144.203168645431,62.1001010815957,15.026928566105
"Slovakia",2009,38.5635148238503,194.683403629226,65.9111977857035,11.2158318619971
"Slovakia",2010,38.5635148238503,234.624882605244,68.5857557298238,8.54127391787686
"Slovakia",2011,38.5635148238503,195.438876565584,65.9642080306717,11.1628216170289
"Slovakia",2012,38.5635148238503,168.402162378417,63.9984071372243,13.1286225104764
"Slovakia",2013,38.5635148238503,192.879388660309,65.7841955551884,11.3428340925122
"Slovakia",2014,38.5635148238503,180.003409851571,64.8599233102919,12.2671063374088
"Slovakia",2015,38.5635148238503,225.217132295863,67.9776973796819,9.14933226801873
"Slovakia",2016,38.5635148238503,301.100911383999,72.5739435358318,4.55308611186889
"Slovakia",2017,38.5635148238503,296.054516601529,72.2877350665251,4.83929458117555
"Slovakia",2018,38.5635148238503,248.363395347153,69.4522315269707,7.67479812073
"Slovakia",2019,38.5635148238503,265.490337239132,70.4995083035881,6.62752134411261
"Slovakia",2020,38.5635148238503,282.523782775195,71.5080646600401,5.61896498766059
"South Africa",2008,1409.19988142266,2904.64622993736,1514.83363056056,1303.56613228477
"South Africa",2009,1409.19988142266,3077.96825404261,1517.9395836695,1300.46017917583
"South Africa",2010,1409.19988142266,2871.32062377889,1514.22590347582,1304.17385936951
"South Africa",2011,1409.19988142266,2978.00572207667,1516.15925119423,1302.2405116511
"South Africa",2012,1409.19988142266,2961.3354279939,1515.85946224024,1302.54030060509
"South Africa",2013,1409.19988142266,2450.84110838058,1506.23158346872,1312.16817937661
"South Africa",2014,1409.19988142266,2232.42226788576,1501.80697285907,1316.59278998626
"South Africa",2015,1409.19988142266,2427.90406701867,1505.77646380089,1312.62329904443
"South Africa",2016,1409.19988142266,2123.1924888567,1499.51298271584,1318.88678012949
"South Africa",2017,1409.19988142266,2152.23532733688,1500.12857454809,1318.27118829724
"South Africa",2018,1409.19988142266,2273.53010409752,1502.65571723778,1315.74404560755
"South Africa",2019,1409.19988142266,1948.46113452158,1495.71697970028,1322.68278314505
"South Africa",2020,1409.19988142266,1799.86405265135,1492.35249860737,1326.04726423796
"South Korea",2008,158.666334232818,387.640616736688,197.255972651125,120.076695814511
"South Korea",2009,158.666334232818,412.816473207251,198.489389910063,118.843278555573
"South Korea",2010,158.666334232818,669.676801502333,209.387438328169,107.945230137468
"South Korea",2011,158.666334232818,935.452365210168,218.613259143037,98.7194093225997
"South Korea",2012,158.666334232818,698.074842980708,210.45170201943,106.880966446206
"South Korea",2013,158.666334232818,615.825952245276,207.305382107396,110.027286358241
"South Korea",2014,158.666334232818,592.776837923517,206.386471497572,110.946196968064
"South Korea",2015,158.666334232818,527.367767750248,203.676733215602,113.655935250035
"South Korea",2016,158.666334232818,499.03209663004,202.45082580705,114.881842658587
"South Korea",2017,158.666334232818,521.111562864013,203.408955746297,113.92371271934
"South Korea",2018,158.666334232818,465.497834539441,200.954115933526,116.37855253211
"South Korea",2019,158.666334232818,442.626028256956,199.90214573389,117.430522731746
"South Korea",2020,158.666334232818,446.955721278399,200.103335799813,117.229332665824
"Spain",2008,280.577060985338,524.823797128639,325.478765842163,235.675356128514
"Spain",2009,280.577060985338,443.726823378003,321.8641166407,239.290005329977
"Spain",2010,280.577060985338,616.631856888633,329.247924357826,231.906197612851
"Spain",2011,280.577060985338,724.632610992829,333.338302805353,227.815819165324
"Spain",2012,280.577060985338,587.473821025784,328.083265115459,233.070856855218
"Spain",2013,280.577060985338,585.79106291528,328.015178014741,233.138943955935
"Spain",2014,280.577060985338,794.717677854538,335.830906383156,225.32321558752
"Spain",2015,280.577060985338,802.956938729959,336.116590834132,225.037531136545
"Spain",2016,280.577060985338,778.494840773529,335.264040974323,225.890080996354
"Spain",2017,280.577060985338,643.608174401741,330.301151351897,230.852970618779
"Spain",2018,280.577060985338,803.42154031684,336.132656466632,225.021465504044
"Spain",2019,280.577060985338,841.736187030672,337.441933587825,223.712188382852
"Spain",2020,280.577060985338,802.054145877255,336.085359525305,225.068762445372
"Syria",2008,99.8746916556777,108.533301996701,120.293837890291,79.4555454210643
"Syria",2009,99.8746916556777,135.867528274965,122.720888201736,77.0284951096198
"Syria",2010,99.8746916556777,159.847071625384,124.655097430323,75.0942858810323
"Syria",2011,99.8746916556777,175.782334981221,125.86094606188,73.8884372494755
"Syria",2012,99.8746916556777,124.800062903227,121.770625562434,77.9787577489215
"Syria",2013,99.8746916556777,108.938886122498,120.331955033955,79.4174282774008
"Syria",2014,99.8746916556777,119.812156262066,121.328604573753,78.4207787376025
"Syria",2015,99.8746916556777,137.033733594641,122.818727721226,76.9306555901296
"Syria",2016,99.8746916556777,139.457404389415,123.020740232106,76.7286430792494
"Syria",2017,99.8746916556777,140.656395606178,123.120026872893,76.6293564384628
"Syria",2018,99.8746916556777,159.951739967849,124.663209244684,75.0861740666711
"Syria",2019,99.8746916556777,168.750076351288,125.335844286914,74.4135390244415
"Syria",2020,99.8746916556777,168.65935105521,125.328999012463,74.4203842988924
"Taiwan",2008,47.8430971152887,45.7999466856072,61.1075260584219,34.5786681721556
"Taiwan",2009,47.8430971152887,63.4298844574927,63.453101731941,32.2330924986365
"Taiwan",2010,47.8430971152887,92.7220275121464,66.7163835511658,28.9698106794116
"Taiwan",2011,47.8430971152887,107.734183432926,68.1869325225055,27.4992617080719
"Taiwan",2012,47.8430971152887,77.9093911210751,65.1432912451452,30.5429029854322
"Taiwan",2013,47.8430971152887,74.0863475590258,64.7134887166344,30.9727055139431
"Taiwan",2014,47.8430971152887,71.6185411723129,64.4301338538854,31.256060376692
"Taiwan",2015,47.8430971152887,82.907686286471,65.6896140762564,29.996580154321
"Taiwan",2016,47.8430971152887,87.5910690242137,66.1867568036775,29.4994374268999
"Taiwan",2017,47.8430971152887,94.9234517005048,66.93911586404,28.7470783665375
"Taiwan",2018,47.8430971152887,101.743980104371,67.6132684339433,28.0729257966341
"Taiwan",2019,47.8430971152887,101.930080883056,67.6313410677052,28.0548531628722
"Taiwan",2020,47.8430971152887,101.459833186149,67.5856424215027,28.1005518090748
"Thailand",2008,54.3164611715527,81.9745266167725,72.0622590248755,36.57066331823
"Thailand",2009,54.3164611715527,94.5319984635233,73.3730643656551,35.2598579774504
"Thailand",2010,54.3164611715527,146.974810258141,78.0781621015719,30.5547602415336
"Thailand",2011,54.3164611715527,207.127398316447,82.5246268930679,26.1082954500376
"Thailand",2012,54.3164611715527,154.962263506257,78.7152937560359,29.9176285870696
"Thailand",2013,54.3164611715527,124.995419446141,76.2295258441241,32.4033964989813
"Thailand",2014,54.3164611715527,119.403864289936,75.7337879201509,32.8991344229546
"Thailand",2015,54.3164611715527,127.336105302927,76.4337481238831,32.1991742192223
"Thailand",2016,54.3164611715527,133.911517414036,76.9976094074282,31.6353129356772
"Thailand",2017,54.3164611715527,143.05950524075,77.759528277477,30.8733940656285
"Thailand",2018,54.3164611715527,150.053552161322,78.3257453337874,30.307177009318
"Thailand",2019,54.3164611715527,145.686185254514,77.9737655250445,30.659156818061
"Thailand",2020,54.3164611715527,142.941006055767,77.749817074279,30.8831052688265
"Trinidad",2008,42.4181169169836,86.1919313458949,60.6146804238217,24.2215534101456
"Trinidad",2009,42.4181169169836,117.010369145755,63.6196978512048,21.2165359827624
"Trinidad",2010,42.4181169169836,163.689303646135,67.4945765731431,17.3416572608242
"Trinidad",2011,42.4181169169836,188.533379705631,69.3303786479707,15.5058551859965
"Trinidad",2012,42.4181169169836,156.992584268701,66.9762665159791,17.8599673179881
"Trinidad",2013,42.4181169169836,149.438195061617,66.3781204676659,18.4581133663013
"Trinidad",2014,42.4181169169836,183.573781569693,68.974039783232,15.8621940507352
"Trinidad",2015,42.4181169169836,177.815020134425,68.5541874201868,16.2820464137804
"Trinidad",2016,42.4181169169836,170.778587398439,68.0318441223289,16.8043897116384
"Trinidad",2017,42.4181169169836,211.206748269762,70.9027065077275,13.9335273262397
"Trinidad",2018,42.4181169169836,283.209222168932,75.4026064216609,9.4336274123063
"Trinidad",2019,42.4181169169836,228.865758381118,72.0696041882303,12.7666296457369
"Trinidad",2020,42.4181169169836,193.501608568581,69.6826686183606,15.1535652156066
"Turkey",2008,805.651056125871,992.920887845412,867.411924665319,743.890187586424
"Turkey",2009,805.651056125871,1141.73615148275,871.878645539469,739.423466712273
"Turkey",2010,805.651056125871,1307.5343793903,876.524352026836,734.777760224906
"Turkey",2011,805.651056125871,1609.56761461282,884.285113304022,727.016998947721
"Turkey",2012,805.651056125871,1449.22992135144,880.265811140303,731.036301111439
"Turkey",2013,805.651056125871,1092.27980755367,870.428383244997,740.873729006746
"Turkey",2014,805.651056125871,1136.60108681444,871.72954532702,739.572566924723
"Turkey",2015,805.651056125871,1048.20186368741,869.107909810415,742.194202441328
"Turkey",2016,805.651056125871,1157.94196142175,872.347006820031,738.955105431711
"Turkey",2017,805.651056125871,1248.19268531968,874.897406354054,736.404705897689
"Turkey",2018,805.651056125871,1456.40014846702,880.450165815432,730.851946436311
"Turkey",2019,805.651056125871,1781.40009794781,888.376062117266,722.926050134476
"Turkey",2020,805.651056125871,1890.6379480139,890.874730894624,720.427381357118
"Turkmenistan",2008,138.382661967671,94.4970875702104,157.435746012248,119.329577923094
"Turkmenistan",2009,138.382661967671,120.627606788099,159.909459552011,116.85586438333
"Turkmenistan",2010,138.382661967671,140.630683157895,161.625872426198,115.139451509144
"Turkmenistan",2011,138.382661967671,240.245826144439,168.762398071141,108.002925864201
"Turkmenistan",2012,138.382661967671,199.88012865962,166.092939885057,110.672384050284
"Turkmenistan",2013,138.382661967671,147.453946351893,162.183062811048,114.582261124294
"Turkmenistan",2014,138.382661967671,176.422238369621,164.416172505451,112.34915142989
"Turkmenistan",2015,138.382661967671,190.737919427445,165.451810296949,111.313513638392
"Turkmenistan",2016,138.382661967671,178.890656388338,164.597664267526,112.167659667815
"Turkmenistan",2017,138.382661967671,197.269985910206,165.911417440315,110.853906495026
"Turkmenistan",2018,138.382661967671,259.438826144852,169.952587443004,106.812736492338
"Turkmenistan",2019,138.382661967671,354.069385477775,175.263455766767,101.501868168575
"Turkmenistan",2020,138.382661967671,390.431697639208,177.110977315111,99.6543466202305
"UK",2008,74.6844177405361,432.447357871953,115.443340321989,33.9254951590829
"UK",2009,74.6844177405361,505.503418138233,118.751887955195,30.6169475258774
"UK",2010,74.6844177405361,640.602139864153,124.292251602761,25.076583878311
"UK",2011,74.6844177405361,1071.91009819198,138.854892518383,10.5139429626891
"UK",2012,74.6844177405361,830.523426346244,131.169272300424,18.1995631806478
"UK",2013,74.6844177405361,555.430753618923,120.876871486819,28.4919639942535
"UK",2014,74.6844177405361,643.76167773806,124.414437458997,24.954398022075
"UK",2015,74.6844177405361,1058.17885467477,138.442553598782,10.9262818822898
"UK",2016,74.6844177405361,1134.21981245278,140.693650666837,8.67518481423552
"UK",2017,74.6844177405361,1105.55646559379,139.85423988411,9.51459559696178
"UK",2018,74.6844177405361,815.24917540279,130.647452256432,18.7213832246402
"UK",2019,74.6844177405361,1015.21438097299,137.134778555713,12.2340569253587
"UK",2020,74.6844177405361,1201.19605208865,142.61463747891,6.75419800216228
"USA",2008,2492.40839510112,7039.01359093217,2656.85010091484,2327.9666892874
"USA",2009,2492.40839510112,7904.38867079261,2666.66538783804,2318.15140236419
"USA",2010,2492.40839510112,8647.78990028898,2674.67564306671,2310.14114713553
"USA",2011,2492.40839510112,10211.9141057126,2690.47426603426,2294.34252416797
"USA",2012,2492.40839510112,7577.76000537457,2663.02704248952,2321.78974771272
"USA",2013,2492.40839510112,7090.60536087405,2657.45163051031,2327.36515969193
"USA",2014,2492.40839510112,7879.50729322873,2666.39090921581,2318.42588098643
"USA",2015,2492.40839510112,8202.71824445,2669.9233589996,2314.89343120264
"USA",2016,2492.40839510112,8766.68061526714,2675.92428065768,2308.89250954455
"USA",2017,2492.40839510112,9182.25999664644,2680.22365008089,2304.59314012135
"USA",2018,2492.40839510112,9990.417393882,2688.31446305292,2296.50232714931
"USA",2019,2492.40839510112,10551.8086183767,2693.74350875086,2291.07328145137
"USA",2020,2492.40839510112,10686.9305242623,2695.02851330759,2289.78827689464
"Ukraine",2008,1075.57693026692,2226.12566102161,1168.05332909051,983.100531443321
"Ukraine",2009,1075.57693026692,2624.9110896775,1175.99534711415,975.158513419681
"Ukraine",2010,1075.57693026692,3192.88428611947,1186.32793149741,964.825929036423
"Ukraine",2011,1075.57693026692,3662.67565465906,1194.19621535555,956.957645178283
"Ukraine",2012,1075.57693026692,2990.92677749916,1182.76808805729,968.385772476542
"Ukraine",2013,1075.57693026692,2928.82683046195,1181.64945805759,969.504402476245
"Ukraine",2014,1075.57693026692,3130.97317749264,1185.24892559232,965.90493494151
"Ukraine",2015,1075.57693026692,3344.00733326139,1188.9186197349,962.235240798932
"Ukraine",2016,1075.57693026692,3653.87094486653,1194.05355505763,957.100305476203
"Ukraine",2017,1075.57693026692,3469.96664795995,1191.03351896935,960.120341564482
"Ukraine",2018,1075.57693026692,3284.06644067443,1187.89820892103,963.255651612803
"Ukraine",2019,1075.57693026692,3283.77830589221,1187.8932814359,963.260579097927
"Ukraine",2020,1075.57693026692,3294.59711100745,1188.07814920096,963.075711332869
"United Arab Emirates",2008,348.322552984751,418.305390672279,388.409483383656,308.235622585847
"United Arab Emirates",2009,348.322552984751,408.314950656936,387.9278899287,308.717216040803
"United Arab Emirates",2010,348.322552984751,634.161280436681,397.680368727808,298.964737241694
"United Arab Emirates",2011,348.322552984751,569.517300304169,395.09709371845,301.548012251052
"United Arab Emirates",2012,348.322552984751,398.158268107951,387.432204002927,309.212901966575
"United Arab Emirates",2013,348.322552984751,300.829880742756,382.317671308731,314.327434660772
"United Arab Emirates",2014,348.322552984751,341.005203893827,384.516552366949,312.128553602553
"United Arab Emirates",2015,348.322552984751,498.215849076899,392.071221602365,304.573884367137
"United Arab Emirates",2016,348.322552984751,615.682763471313,396.955945876379,299.689160093124
"United Arab Emirates",2017,348.322552984751,589.251813942218,395.900591704737,300.744514264766
"United Arab Emirates",2018,348.322552984751,788.665463182627,403.365601986077,293.279503983425
"United Arab Emirates",2019,348.322552984751,617.727488540369,397.036636369094,299.608469600409
"United Arab Emirates",2020,348.322552984751,495.227462512639,391.939818144187,304.705287825315
"Uzbekistan",2008,335.482624259208,181.797886413878,361.909783782085,309.055464736332
"Uzbekistan",2009,335.482624259208,219.285707492314,364.506889519547,306.45835899887
"Uzbekistan",2010,335.482624259208,277.875031129684,368.155008922526,302.810239595891
"Uzbekistan",2011,335.482624259208,331.885964501316,371.189390021851,299.775858496565
"Uzbekistan",2012,335.482624259208,268.9193092905,367.624192649229,303.341055869188
"Uzbekistan",2013,335.482624259208,336.935540644061,371.460000107625,299.505248410792
"Uzbekistan",2014,335.482624259208,371.466850667182,373.258635874029,297.706612644388
"Uzbekistan",2015,335.482624259208,410.219900000459,375.180240911115,295.785007607301
"Uzbekistan",2016,335.482624259208,428.630650268409,376.061282517844,294.903966000573
"Uzbekistan",2017,335.482624259208,415.85193557804,375.451822346193,295.513426172224
"Uzbekistan",2018,335.482624259208,346.021380857484,371.941858160953,299.023390357464
"Uzbekistan",2019,335.482624259208,416.54007021045,375.484878367202,295.480370151215
"Uzbekistan",2020,335.482624259208,472.263928560342,378.076627451646,292.88862106677
"Venezuela",2008,460.199103143143,400.650290269485,499.430954426242,420.967251860043
"Venezuela",2009,460.199103143143,605.027346398788,508.409818279154,411.988388007132
"Venezuela",2010,460.199103143143,801.686333727749,515.694672512675,404.703533773611
"Venezuela",2011,460.199103143143,890.387570099492,518.684254158543,401.713952127742
"Venezuela",2012,460.199103143143,796.335913140485,515.509174955793,404.889031330493
"Venezuela",2013,460.199103143143,734.799581202705,513.329189451639,407.069016834646
"Venezuela",2014,460.199103143143,773.674851004157,514.71652519901,405.681681087275
"Venezuela",2015,460.199103143143,897.192213278657,518.907310461467,401.490895824819
"Venezuela",2016,460.199103143143,892.437374416966,518.751536205828,401.646670080458
"Venezuela",2017,460.199103143143,798.78433289918,515.594138058426,404.804068227859
"Venezuela",2018,460.199103143143,803.341559306479,515.751933262154,404.646273024131
"Venezuela",2019,460.199103143143,635.050515200757,509.591512065924,410.806694220362
"Venezuela",2020,460.199103143143,564.099385308975,506.75062512259,413.647581163695
"Zambia",2008,76.5706614982708,60.1426098365864,91.7707881407771,61.3705348557645
"Zambia",2009,76.5706614982708,71.7316001767217,93.1707854507868,59.9705375457548
"Zambia",2010,76.5706614982708,100.500676510962,96.2196665337557,56.9216564627859
"Zambia",2011,76.5706614982708,97.8311559554379,95.956949660743,57.1843733357986
"Zambia",2012,76.5706614982708,66.8052968899122,92.5906249355664,60.5506980609752
"Zambia",2013,76.5706614982708,66.672810069611,92.5747318293902,60.5665911671513
"Zambia",2014,76.5706614982708,48.8188882838677,90.2652823850024,62.8760406115392
"Zambia",2015,76.5706614982708,34.8142839560516,88.1353730487405,65.0059499478011
"Zambia",2016,76.5706614982708,27.8933278439137,86.9222318257708,66.2190911707708
"Zambia",2017,76.5706614982708,27.2784561486033,86.8075026683034,66.3338203282382
"Zambia",2018,76.5706614982708,28.9426615928975,87.1151448319991,66.0261781645424
"Zambia",2019,76.5706614982708,29.6672883237877,87.2463279797914,65.8949950167502
"Zambia",2020,76.5706614982708,29.8221673731835,87.2741580382255,65.8671649583161
"Zimbabwe",2008,31.4189092032506,15.9265799083494,39.2409005977687,23.5969178087325
"Zimbabwe",2009,31.4189092032506,17.8105130846035,39.6905999050245,23.1472185014767
"Zimbabwe",2010,31.4189092032506,24.6145764530364,41.143072761212,21.6947456452892
"Zimbabwe",2011,31.4189092032506,27.0744164750598,41.6173933225004,21.2204250840008
"Zimbabwe",2012,31.4189092032506,22.9146381734695,40.801279586432,22.0365388200691
"Zimbabwe",2013,31.4189092032506,19.8756830076121,40.1570110475897,22.6808073589115
"Zimbabwe",2014,31.4189092032506,23.73506208361,40.9677632968262,21.870055109675
"Zimbabwe",2015,31.4189092032506,30.6192628446813,42.264505551268,20.5733128552332
"Zimbabwe",2016,31.4189092032506,28.1948252909665,41.8262739435572,21.011544462944
"Zimbabwe",2017,31.4189092032506,24.553151714273,41.1309320422657,21.7068863642355
"Zimbabwe",2018,31.4189092032506,24.8765642191784,41.1946858529289,21.6431325535723
"Zimbabwe",2019,31.4189092032506,23.1461579351894,40.8485582064651,21.9892602000361
"Zimbabwe",2020,31.4189092032506,22.0899308761216,40.6308947901753,22.2069236163259
