"COUNTRY","year_offsetted","diff_yoy","diff_yoy_lwr","diff_yoy_upr","diff_yoy_str","diff_yoy_lwr_str","diff_yoy_upr_str"
"Albania",2009,-0.306814655349543,-1,1.27940672727741,"-30.7%","-100%","127.9%"
"Armenia",2009,0.0174818148156457,-0.621874136392915,0.857189344885614,"1.7%","-62.2%","85.7%"
"Aruba",2009,0.0241630139977123,-0.660320430221521,0.948880975544163,"2.4%","-66%","94.9%"
"Australia",2009,-0.0432673337109253,-0.17846934431601,0.101694914682881,"-4.3%","-17.8%","10.2%"
"Bangladesh",2009,0.0554338910220855,-1,Inf,"5.5%","-100%","Inf%"
"Belarus",2009,-0.0137594631655342,-1,2.34059229601991,"-1.4%","-100%","234.1%"
"Bosnia and Herzegovina",2009,0.647659710503256,0.030227884704755,1.4668915388786,"64.8%","3%","146.7%"
"Botswana",2009,-0.27950782565951,-0.459062921860552,-0.084800728061136,"-28%","-45.9%","-8.5%"
"Brazil",2009,-0.358488930038711,-0.759898010782638,0.136548817054119,"-35.8%","-76%","13.7%"
"Bulgaria",2009,-0.147728982819494,-0.348472835420673,0.0863058908433383,"-14.8%","-34.8%","8.6%"
"Canada",2009,-0.135237638655399,-0.410347791323117,0.186828052916493,"-13.5%","-41%","18.7%"
"Chile",2009,0.114213405699975,-0.392456546916677,0.788160647597975,"11.4%","-39.2%","78.8%"
"China",2009,-0.365823036757046,-0.40222295433783,-0.328571898735503,"-36.6%","-40.2%","-32.9%"
"Colombia",2009,-0.248128645589042,-0.656618585528097,0.324556151165174,"-24.8%","-65.7%","32.5%"
"Croatia",2009,-0.171221057702911,-0.929013545864623,1.02624997576961,"-17.1%","-92.9%","102.6%"
"Cuba",2009,-0.0300202436312947,-0.182442298999534,0.136413825576972,"-3%","-18.2%","13.6%"
"Curacao",2009,0.290239272743716,-0.243966045990588,0.97417788198467,"29%","-24.4%","97.4%"
"Cyprus",2009,-0.25784266619407,-0.881170171813127,0.766804259541925,"-25.8%","-88.1%","76.7%"
"Czech Republic",2009,0.883172725135919,-1,Inf,"88.3%","-100%","Inf%"
"Egypt",2009,0.375064217396688,-0.267136176309537,1.30994567628688,"37.5%","-26.7%","131%"
"Estonia",2009,0.530832962726714,-0.974240108807336,4.87663053978949,"53.1%","-97.4%","487.7%"
"France",2009,0.125382805962549,-0.56568577361262,1.16878180404788,"12.5%","-56.6%","116.9%"
"Georgia",2009,0.565920961959506,-0.916028483141918,4.64468319557331,"56.6%","-91.6%","464.5%"
"Germany",2009,0.182361691582732,-0.569769981729791,1.21316858161398,"18.2%","-57%","121.3%"
"Greece",2009,-0.0451580863384132,-0.257222232630114,0.188699252190681,"-4.5%","-25.7%","18.9%"
"Guatemala",2009,-0.0115092001320787,-0.747687899549023,1.020757012563,"-1.2%","-74.8%","102.1%"
"Honduras",2009,0.334969903051675,-0.668615999038981,2.34298433584091,"33.5%","-66.9%","234.3%"
"India",2009,0.18343502164808,0.0941457055471326,0.276241984647408,"18.3%","9.4%","27.6%"
"Indonesia",2009,0.0950713393484208,-0.196275491853774,0.438142680470914,"9.5%","-19.6%","43.8%"
"Iran",2009,-0.0435994873905093,-0.139743272711437,0.0576648478041781,"-4.4%","-14%","5.8%"
"Iraq",2009,0.380765128300386,-0.0549857381826666,0.926713311659926,"38.1%","-5.5%","92.7%"
"Israel",2009,0.668658444219224,-0.348984174948517,2.60742418604828,"66.9%","-34.9%","260.7%"
"Italy",2009,0.318295065651297,-0.773929998072598,2.45188439870392,"31.8%","-77.4%","245.2%"
"Jamaica",2009,0.0425061000573328,-0.432789486339219,0.640642380515733,"4.3%","-43.3%","64.1%"
"Jordan",2009,0.466443228764152,-0.318448622252693,1.7040733673592,"46.6%","-31.8%","170.4%"
"Kazakhstan",2009,-0.3000154650447,-0.462371085043569,-0.122230959501718,"-30%","-46.2%","-12.2%"
"Kuwait",2009,-0.12599404622656,-0.329557840215938,0.106468141591521,"-12.6%","-33%","10.6%"
"Lebanon",2009,0.983327428000101,23.2099576696436,Inf,"98.3%","2321%","Inf%"
"Macedonia (FYROM)",2009,-0.10649702204102,-0.770347762980226,0.743977467756342,"-10.6%","-77%","74.4%"
"Mali",2009,0.509286006913134,-1,Inf,"50.9%","-100%","Inf%"
"Mexico",2009,-0.00735357744415355,-0.126149498445275,0.118361683550371,"-0.7%","-12.6%","11.8%"
"Morocco",2009,0.0926940020929603,-0.213876736599315,0.449029427398027,"9.3%","-21.4%","44.9%"
"Namibia",2009,0.590227474180521,6.80193673487814,Inf,"59%","680.2%","Inf%"
"Oman",2009,-0.130103792482341,-0.606562868956493,0.582634736443764,"-13%","-60.7%","58.3%"
"Pakistan",2009,0.242079905869869,-0.0585653561089199,0.595493219810438,"24.2%","-5.9%","59.5%"
"Peru",2009,-0.375492756333057,-0.588945259178156,-0.130047620012497,"-37.5%","-58.9%","-13%"
"Poland",2009,-0.369229505270591,-0.749034552252703,0.0725452718581914,"-36.9%","-74.9%","7.3%"
"Portugal",2009,-0.215202089387248,-1,0.848818323061407,"-21.5%","-100%","84.9%"
"Puerto Rico",2009,0.108248914995687,-0.498041907072584,0.958702642674335,"10.8%","-49.8%","95.9%"
"Qatar",2009,-0.344361163353755,-0.542695452753738,-0.121812531158503,"-34.4%","-54.3%","-12.2%"
"Romania",2009,-0.134271345208895,-0.311294514439803,0.0652296508796186,"-13.4%","-31.1%","6.5%"
"Russia",2009,-0.0296394004138841,-0.160475519854421,0.110343762173952,"-3%","-16%","11%"
"Saudi Arabia",2009,0.184798362049267,0.0238135618683111,0.359512119678907,"18.5%","2.4%","36%"
"Serbia",2009,0.254629778784089,-0.107864106451803,0.691656220069687,"25.5%","-10.8%","69.2%"
"Singapore",2009,-0.0577421747930255,-0.302128732498318,0.217348137748345,"-5.8%","-30.2%","21.7%"
"Slovakia",2009,-0.477781100461354,-1,0.619124830570855,"-47.8%","-100%","61.9%"
"South Africa",2009,-0.144309098849545,-0.2685297321522,-0.0100599307615102,"-14.4%","-26.9%","-1%"
"South Korea",2009,0.080615857932314,-0.412206519149588,0.796571091688457,"8.1%","-41.2%","79.7%"
"Spain",2009,-0.472384206588268,-0.65588868842982,-0.273316363771379,"-47.2%","-65.6%","-27.3%"
"Syria",2009,0.289337243918318,-0.203624136511216,0.952015043759011,"28.9%","-20.4%","95.2%"
"Taiwan",2009,0.124177895775886,-0.540729555846889,1.07592090665137,"12.4%","-54.1%","107.6%"
"Thailand",2009,0.0417750110341488,-0.651113554226141,1.06763635861498,"4.2%","-65.1%","106.8%"
"Trinidad",2009,0.138020434289634,-0.620503921693405,1.34733586735818,"13.8%","-62.1%","134.7%"
"Turkey",2009,0.159796437145493,-0.0620959329497978,0.403740659609027,"16%","-6.2%","40.4%"
"Turkmenistan",2009,-0.122006198047383,-0.835782389309647,1.13954754993298,"-12.2%","-83.6%","114%"
"UK",2009,0.0626169064357367,-0.714938442525915,1.37073129121048,"6.3%","-71.5%","137.1%"
"USA",2009,-0.384564504626881,-0.459441029709967,-0.306329390800368,"-38.5%","-45.9%","-30.6%"
"Ukraine",2009,-0.112630115643608,-0.293693198989071,0.0881430199316264,"-11.3%","-29.4%","8.8%"
"United Arab Emirates",2009,-0.152157497237962,-0.392451446789228,0.113493430069045,"-15.2%","-39.2%","11.3%"
"Uzbekistan",2009,-0.117594575675429,-0.306092982915824,0.0819550943291485,"-11.8%","-30.6%","8.2%"
"Venezuela",2009,0.254043391823808,-0.0161106800930206,0.558227503563924,"25.4%","-1.6%","55.8%"
"Zambia",2009,0.766953531255201,0.13275086478648,1.54401601752098,"76.7%","13.3%","154.4%"
"Zimbabwe",2009,-0.1091042695738,-0.787957163856498,0.754237532349147,"-10.9%","-78.8%","75.4%"
"Albania",2010,0.0534607706756021,-1,Inf,"5.3%","-100%","Inf%"
"Armenia",2010,-0.0438920154479906,-0.675450285722457,0.958026857851585,"-4.4%","-67.5%","95.8%"
"Aruba",2010,-0.688084115786159,-1,-0.160561471839031,"-68.8%","-100%","-16.1%"
"Australia",2010,0.00158467208727275,-0.159416450871972,0.174292382662736,"0.2%","-15.9%","17.4%"
"Bangladesh",2010,0.577911004577375,-1,Inf,"57.8%","-100%","Inf%"
"Belarus",2010,0.080022475208579,3.73389213864838,Inf,"8%","373.4%","Inf%"
"Bosnia and Herzegovina",2010,-0.254992554522922,-0.545983720915333,0.0852948815213406,"-25.5%","-54.6%","8.5%"
"Botswana",2010,-0.160352898533128,-0.463673964085133,0.183883142771337,"-16%","-46.4%","18.4%"
"Brazil",2010,0.466678727297286,-0.450312460607907,1.98938545543961,"46.7%","-45%","198.9%"
"Bulgaria",2010,-0.190911631161488,-0.40541554684497,0.0453663809701506,"-19.1%","-40.5%","4.5%"
"Canada",2010,-0.153685595791703,-0.48275415506969,0.233017254241951,"-15.4%","-48.3%","23.3%"
"Chile",2010,0.193927342719522,-0.352533333385361,0.90001489304915,"19.4%","-35.3%","90%"
"China",2010,0.124755536063309,0.050143001016852,0.201729830292968,"12.5%","5%","20.2%"
"Colombia",2010,0.128439008763184,-0.442595720399934,0.941326153524118,"12.8%","-44.3%","94.1%"
"Croatia",2010,-0.114053433960658,-1,2.04252051338804,"-11.4%","-100%","204.3%"
"Cuba",2010,0.0910121600458254,-0.0827878798774199,0.279103247268926,"9.1%","-8.3%","27.9%"
"Curacao",2010,-0.407507902610433,-0.693219615182948,-0.05633256503617,"-40.8%","-69.3%","-5.6%"
"Cyprus",2010,-0.0680347545031325,-1,1.68666137672265,"-6.8%","-100%","168.7%"
"Czech Republic",2010,-0.158492857326508,-1,Inf,"-15.8%","-100%","Inf%"
"Egypt",2010,-0.311741945701917,-0.631291537669112,0.0808171236587525,"-31.2%","-63.1%","8.1%"
"Estonia",2010,-0.279204161340077,-0.987470486734023,1.21839316950151,"-27.9%","-98.7%","121.8%"
"France",2010,-0.3016205644653,-0.89243919895595,0.487069079098158,"-30.2%","-89.2%","48.7%"
"Georgia",2010,-0.245410638741109,-1,1.07498232479895,"-24.5%","-100%","107.5%"
"Germany",2010,-0.469332862140164,-1,0.27526709895296,"-46.9%","-100%","27.5%"
"Greece",2010,-0.385452395887644,-0.568604626738192,-0.181969885326139,"-38.5%","-56.9%","-18.2%"
"Guatemala",2010,0.0766429090493264,-0.740253515962725,1.57270756499142,"7.7%","-74%","157.3%"
"Honduras",2010,0.0705740507350532,-0.773518346277302,1.29097662424063,"7.1%","-77.4%","129.1%"
"India",2010,-0.0649302426702262,-0.136892656607875,0.00990066322727801,"-6.5%","-13.7%","1%"
"Indonesia",2010,0.049156479747182,-0.215148312637446,0.353292615267581,"4.9%","-21.5%","35.3%"
"Iran",2010,0.0393284274236845,-0.0704322027730764,0.15482081729007,"3.9%","-7%","15.5%"
"Iraq",2010,0.0212619719649951,-0.269595045713115,0.360158542874127,"2.1%","-27%","36%"
"Israel",2010,0.449755082781933,-0.214060637757781,1.27066847823233,"45%","-21.4%","127.1%"
"Italy",2010,-0.768241462781937,-1,0.0470166730579926,"-76.8%","-100%","4.7%"
"Jamaica",2010,-0.0856334661415729,-0.535291716577589,0.507858703162922,"-8.6%","-53.5%","50.8%"
"Jordan",2010,0.0365316637611435,-0.487763149038083,0.706202856039514,"3.7%","-48.8%","70.6%"
"Kazakhstan",2010,-0.0874679303635788,-0.329733552493877,0.190088300167336,"-8.7%","-33%","19%"
"Kuwait",2010,-0.0251114531835691,-0.274024604612987,0.253362092129509,"-2.5%","-27.4%","25.3%"
"Lebanon",2010,-0.449332763714632,-1,0.614049090926824,"-44.9%","-100%","61.4%"
"Macedonia (FYROM)",2010,0.0138414787017975,-0.789696178439758,1.50280193334464,"1.4%","-79%","150.3%"
"Mali",2010,0.21350634842162,4.96152179880062,Inf,"21.4%","496.2%","Inf%"
"Mexico",2010,-0.175946051402262,-0.282651533074119,-0.0622207018536433,"-17.6%","-28.3%","-6.2%"
"Morocco",2010,0.0400749782669323,-0.322776048031347,0.453304800703007,"4%","-32.3%","45.3%"
"Namibia",2010,0.934479648067826,-0.113553821124665,2.50116055736299,"93.4%","-11.4%","250.1%"
"Oman",2010,0.487512199245099,-0.252172297509088,1.50416652857035,"48.8%","-25.2%","150.4%"
"Pakistan",2010,-0.0214349380518117,-0.227940370352631,0.212196352094361,"-2.1%","-22.8%","21.2%"
"Peru",2010,-0.817284611993196,-1,-0.515645749349592,"-81.7%","-100%","-51.6%"
"Poland",2010,0.251019768892167,-0.558366712156914,1.55452763683026,"25.1%","-55.8%","155.5%"
"Portugal",2010,-0.314574986998413,-1,Inf,"-31.5%","-100%","Inf%"
"Puerto Rico",2010,-0.189363256367333,-0.861923400685822,0.660958922734378,"-18.9%","-86.2%","66.1%"
"Qatar",2010,0.210077933144757,-0.200919181671382,0.705588831444785,"21%","-20.1%","70.6%"
"Romania",2010,-0.294963980455278,-0.540869747697123,-0.0334136731603821,"-29.5%","-54.1%","-3.3%"
"Russia",2010,-0.0140380902577445,-0.163908472469649,0.146138069168747,"-1.4%","-16.4%","14.6%"
"Saudi Arabia",2010,-0.0532397410127514,-0.174496256503437,0.076407633746721,"-5.3%","-17.4%","7.6%"
"Serbia",2010,0.137388126664539,-0.18833831454079,0.512399236985104,"13.7%","-18.8%","51.2%"
"Singapore",2010,-0.00304032682762267,-0.329313883042649,0.368507604412215,"-0.3%","-32.9%","36.9%"
"Slovakia",2010,1.72278637973748,22.0734408344297,Inf,"172.3%","2207.3%","Inf%"
"South Africa",2010,-0.0207543953686046,-0.167065321912293,0.136868284777655,"-2.1%","-16.7%","13.7%"
"South Korea",2010,-0.0987216946376267,-0.492223806480353,0.381658990490236,"-9.9%","-49.2%","38.2%"
"Spain",2010,-0.260514245267623,-0.690388654725256,0.250611757074219,"-26.1%","-69%","25.1%"
"Syria",2010,-0.277654920578973,-0.527976818685264,0.0210019427595067,"-27.8%","-52.8%","2.1%"
"Taiwan",2010,0.431105737998324,-0.354844451021272,1.61183906509703,"43.1%","-35.5%","161.2%"
"Thailand",2010,-0.0761612701092466,-0.741516936666214,0.953850183387251,"-7.6%","-74.2%","95.4%"
"Trinidad",2010,-0.392181598139925,-1,0.783812276007106,"-39.2%","-100%","78.4%"
"Turkey",2010,-0.179701410820618,-0.352883453323413,0.0116897783693564,"-18%","-35.3%","1.2%"
"Turkmenistan",2010,0.63489933556479,-0.505195177889347,2.90712751915917,"63.5%","-50.5%","290.7%"
"UK",2010,0.212961092939301,-0.795350041119319,1.7860059116884,"21.3%","-79.5%","178.6%"
"USA",2010,-0.112053426191104,-0.24699334586959,0.032094471085284,"-11.2%","-24.7%","3.2%"
"Ukraine",2010,-0.0790892441395751,-0.294888067085335,0.159805446553794,"-7.9%","-29.5%","16%"
"United Arab Emirates",2010,0.0737455827408429,-0.229769330312924,0.444209956442583,"7.4%","-23%","44.4%"
"Uzbekistan",2010,0.0317866373834326,-0.232277291908195,0.334451640391903,"3.2%","-23.2%","33.4%"
"Venezuela",2010,0.210306115653495,-0.0582973551390755,0.510786659491233,"21%","-5.8%","51.1%"
"Zambia",2010,-0.105598101946172,-0.397159044385286,0.259152890998003,"-10.6%","-39.7%","25.9%"
"Zimbabwe",2010,0.30577832521281,-0.713570517799561,2.28917369178338,"30.6%","-71.4%","228.9%"
"Albania",2011,0.163486916831462,-1,Inf,"16.3%","-100%","Inf%"
"Armenia",2011,0.190402562284559,-1,1.8013889018548,"19%","-100%","180.1%"
"Aruba",2011,2.29186158940444,47.5640304390146,Inf,"229.2%","4756.4%","Inf%"
"Australia",2011,0.0169606303502974,-0.162363891759335,0.21326617451632,"1.7%","-16.2%","21.3%"
"Bangladesh",2011,-0.421438304475404,-1,Inf,"-42.1%","-100%","Inf%"
"Belarus",2011,0.284931949730602,-0.989760854213279,4.02239611742753,"28.5%","-99%","402.2%"
"Bosnia and Herzegovina",2011,0.0928187664967044,-0.320115207530575,0.638818150974167,"9.3%","-32%","63.9%"
"Botswana",2011,-0.20891526104659,-0.481720940952782,0.148721795607786,"-20.9%","-48.2%","14.9%"
"Brazil",2011,-0.378981769781462,-0.899216172343522,0.290554927824137,"-37.9%","-89.9%","29.1%"
"Bulgaria",2011,0.255993192381189,-0.0897487653520784,0.668652159053439,"25.6%","-9%","66.9%"
"Canada",2011,-0.302102306410327,-0.654498923867029,0.13311875103125,"-30.2%","-65.4%","13.3%"
"Chile",2011,-0.138828366692088,-0.551648052798392,0.401997925081218,"-13.9%","-55.2%","40.2%"
"China",2011,0.0246019532160013,-0.0468771047451597,0.098678181948014,"2.5%","-4.7%","9.9%"
"Colombia",2011,-0.261497411036891,-0.865680983653157,0.460200356452831,"-26.1%","-86.6%","46%"
"Croatia",2011,0.358262999277749,17.4962739802604,Inf,"35.8%","1749.6%","Inf%"
"Cuba",2011,0.00306996062134712,-0.169925881855789,0.191103864871425,"0.3%","-17%","19.1%"
"Curacao",2011,0.31879600213617,-0.408018830487829,1.30377379805455,"31.9%","-40.8%","130.4%"
"Cyprus",2011,0.085655718643294,-1,Inf,"8.6%","-100%","Inf%"
"Czech Republic",2011,0.321797631344503,-31.8117901063846,Inf,"32.2%","-3181.2%","Inf%"
"Egypt",2011,0.276563768787034,-0.305051486953449,1.08242712446784,"27.7%","-30.5%","108.2%"
"Estonia",2011,0.404274528221102,-0.963341544607669,4.29297592598317,"40.4%","-96.3%","429.3%"
"France",2011,-0.184521555202663,-0.978581374964986,1.45192100615399,"-18.5%","-97.9%","145.2%"
"Georgia",2011,-0.781341013808471,-1,Inf,"-78.1%","-100%","Inf%"
"Germany",2011,-0.110781957265942,-1,Inf,"-11.1%","-100%","Inf%"
"Greece",2011,-0.373701558536683,-0.645946362713763,-0.0578264549878507,"-37.4%","-64.6%","-5.8%"
"Guatemala",2011,-0.101893736009268,-0.715761786342811,0.931936225261564,"-10.2%","-71.6%","93.2%"
"Honduras",2011,-0.115559584497759,-0.860893263160106,1.29699927207679,"-11.6%","-86.1%","129.7%"
"India",2011,0.0701457211729861,-0.0164224986736902,0.160159431369558,"7%","-1.6%","16%"
"Indonesia",2011,0.0467940440348829,-0.261813178224904,0.393979835910805,"4.7%","-26.2%","39.4%"
"Iran",2011,0.0857758256971255,-0.0432034847912509,0.22178327626746,"8.6%","-4.3%","22.2%"
"Iraq",2011,-0.0519822978355925,-0.355990376203743,0.299483974058262,"-5.2%","-35.6%","29.9%"
"Israel",2011,0.196867931540008,-0.324234881128266,0.916865080139164,"19.7%","-32.4%","91.7%"
"Italy",2011,1.57489169213903,-1,Inf,"157.5%","-100%","Inf%"
"Jamaica",2011,0.126275431994313,-0.47055079932848,0.922714806429,"12.6%","-47.1%","92.3%"
"Jordan",2011,0.0492764906064709,-0.609369018049728,0.926623298069057,"4.9%","-60.9%","92.7%"
"Kazakhstan",2011,-0.0220842601419828,-0.30461991795441,0.303775785442123,"-2.2%","-30.5%","30.4%"
"Kuwait",2011,0.0628054345196003,-0.271669804709677,0.44493882661989,"6.3%","-27.2%","44.5%"
"Lebanon",2011,-0.676892838893541,-1,Inf,"-67.7%","-100%","Inf%"
"Macedonia (FYROM)",2011,0.0299782466791365,-0.819092140272609,1.46396235173392,"3%","-81.9%","146.4%"
"Mali",2011,-0.479035490178774,-1,1.00214671696674,"-47.9%","-100%","100.2%"
"Mexico",2011,0.0651208649253565,-0.0699882895775463,0.210609265791127,"6.5%","-7%","21.1%"
"Morocco",2011,-0.175421279330996,-0.510348358086922,0.239378639543296,"-17.5%","-51%","23.9%"
"Namibia",2011,-0.263811838567644,-0.609199366462582,0.213061215096605,"-26.4%","-60.9%","21.3%"
"Oman",2011,-0.230720426462959,-0.770602390233948,0.436445447840575,"-23.1%","-77.1%","43.6%"
"Pakistan",2011,0.121767395811993,-0.155186084522202,0.425390259910788,"12.2%","-15.5%","42.5%"
"Peru",2011,-0.938578214985549,-1,Inf,"-93.9%","-100%","Inf%"
"Poland",2011,-0.0669203660822839,-0.620271088130799,0.768329326944597,"-6.7%","-62%","76.8%"
"Portugal",2011,0.65204077116533,33.1187063238841,Inf,"65.2%","3311.9%","Inf%"
"Puerto Rico",2011,0.568344587580035,-0.649426579874174,3.33711192617696,"56.8%","-64.9%","333.7%"
"Qatar",2011,-0.0068910463745282,-0.374835125466947,0.434019086090806,"-0.7%","-37.5%","43.4%"
"Romania",2011,0.140082105729104,-0.26505126312214,0.67752415248043,"14%","-26.5%","67.8%"
"Russia",2011,-0.0337623196067174,-0.186785309149258,0.133585789480907,"-3.4%","-18.7%","13.4%"
"Saudi Arabia",2011,0.083149667600726,-0.0898128888861326,0.265919100789901,"8.3%","-9%","26.6%"
"Serbia",2011,0.0727219365763812,-0.232691615109795,0.436015769228932,"7.3%","-23.3%","43.6%"
"Singapore",2011,0.147762179176502,-0.201445475587788,0.590760212356029,"14.8%","-20.1%","59.1%"
"Slovakia",2011,-0.55679999331876,-0.983589185186856,0.243641741436206,"-55.7%","-98.4%","24.4%"
"South Africa",2011,0.0157628464319275,-0.126593223823552,0.171363248302808,"1.6%","-12.7%","17.1%"
"South Korea",2011,-0.0888458542310392,-0.601788235362005,0.560032688716747,"-8.9%","-60.2%","56%"
"Spain",2011,0.23893749126363,-0.479570499444392,1.39023638558653,"23.9%","-48%","139%"
"Syria",2011,0.263180256715193,-0.243828780403496,0.872954407076258,"26.3%","-24.4%","87.3%"
"Taiwan",2011,-0.416038897902177,-0.818019426847752,0.0944629713976457,"-41.6%","-81.8%","9.4%"
"Thailand",2011,-0.177146825338436,-1,1.13295467352258,"-17.7%","-100%","113.3%"
"Trinidad",2011,-0.0353628478350793,-1,Inf,"-3.5%","-100%","Inf%"
"Turkey",2011,0.182070412749491,-0.0715452650316475,0.469177032986766,"18.2%","-7.2%","46.9%"
"Turkmenistan",2011,0.125089574028451,-0.723546041132217,1.22270025917892,"12.5%","-72.4%","122.3%"
"UK",2011,-0.25868013768752,-1,1.17451283075147,"-25.9%","-100%","117.5%"
"USA",2011,-0.0859142111550963,-0.240381609144144,0.0821595862804083,"-8.6%","-24%","8.2%"
"Ukraine",2011,0.0815184984762183,-0.201156333580625,0.404721031434391,"8.2%","-20.1%","40.5%"
"United Arab Emirates",2011,0.124899203793435,-0.192119236364834,0.483394428726313,"12.5%","-19.2%","48.3%"
"Uzbekistan",2011,0.149073671035608,-0.139777835865923,0.483435722067568,"14.9%","-14%","48.3%"
"Venezuela",2011,-0.0263558646126061,-0.241526964227489,0.218173454603718,"-2.6%","-24.2%","21.8%"
"Zambia",2011,-0.292915437389694,-0.574847153041377,0.0269035072991797,"-29.3%","-57.5%","2.7%"
"Zimbabwe",2011,0.374072439203948,-0.452040097924442,1.85023707379327,"37.4%","-45.2%","185%"
"Albania",2012,-0.0716213940083439,-1,Inf,"-7.2%","-100%","Inf%"
"Armenia",2012,-0.100157894052288,2.81795797970062,Inf,"-10%","281.8%","Inf%"
"Aruba",2012,-0.179500660054904,-0.61333355861624,0.411938834265375,"-18%","-61.3%","41.2%"
"Australia",2012,-0.117194603274473,-0.271962302004953,0.0535740955396089,"-11.7%","-27.2%","5.4%"
"Bangladesh",2012,0.758104761882252,-3.25794817866386,Inf,"75.8%","-325.8%","Inf%"
"Belarus",2012,-0.412420179142522,-1,1.09869564138426,"-41.2%","-100%","109.9%"
"Bosnia and Herzegovina",2012,0.317389731614287,-0.0749063009749699,0.801470635268051,"31.7%","-7.5%","80.1%"
"Botswana",2012,0.530117529261471,0.0959293261687328,1.04127018688146,"53%","9.6%","104.1%"
"Brazil",2012,0.0482397011299125,-0.831638899292651,1.99169207621156,"4.8%","-83.2%","199.2%"
"Bulgaria",2012,-0.23530591258015,-0.44729389528472,0.00654253825432427,"-23.5%","-44.7%","0.7%"
"Canada",2012,0.162176269129313,-0.393082461819906,0.974829721245394,"16.2%","-39.3%","97.5%"
"Chile",2012,0.0452070581301454,-0.463093746375582,0.727288942604952,"4.5%","-46.3%","72.7%"
"China",2012,-0.00907975563218233,-0.0794772388397588,0.063907600720235,"-0.9%","-7.9%","6.4%"
"Colombia",2012,0.309762477537406,-0.824400531839354,2.7120755941199,"31%","-82.4%","271.2%"
"Croatia",2012,-0.0202652158415598,-0.93862031091593,2.26437168602529,"-2%","-93.9%","226.4%"
"Cuba",2012,-0.0319984834163518,-0.210861726287064,0.164387086814823,"-3.2%","-21.1%","16.4%"
"Curacao",2012,-0.512435111869616,-1,0.310252509714538,"-51.2%","-100%","31%"
"Cyprus",2012,0.208513170635003,-4.4135575862419,Inf,"20.9%","-441.4%","Inf%"
"Czech Republic",2012,0.228416827560861,-0.928763582530886,3.2685301866626,"22.8%","-92.9%","326.9%"
"Egypt",2012,-0.135766798894469,-0.488136060341232,0.317877402939719,"-13.6%","-48.8%","31.8%"
"Estonia",2012,-0.7948311292221,-1,0.046608114620742,"-79.5%","-100%","4.7%"
"France",2012,0.700106295344469,-0.890391626090279,5.15824053796846,"70%","-89%","515.8%"
"Georgia",2012,6.19364169518822,-1,Inf,"619.4%","-100%","Inf%"
"Germany",2012,0.139726204074163,3.82445347124415,Inf,"14%","382.4%","Inf%"
"Greece",2012,-0.381417661765443,-0.766809599964111,0.106332005572243,"-38.1%","-76.7%","10.6%"
"Guatemala",2012,-0.128069265930516,-1,1.05511503070903,"-12.8%","-100%","105.5%"
"Honduras",2012,-0.207338921008576,-0.917756985031204,1.09833635019285,"-20.7%","-91.8%","109.8%"
"India",2012,-0.0467796962981151,-0.120284833402244,0.0302788332677342,"-4.7%","-12%","3%"
"Indonesia",2012,0.0600641833849438,-0.24452666612042,0.43311846279519,"6%","-24.5%","43.3%"
"Iran",2012,-0.101015071812645,-0.207623649310362,0.0134485858387103,"-10.1%","-20.8%","1.3%"
"Iraq",2012,-0.113624190558183,-0.384267917123948,0.221900326863856,"-11.4%","-38.4%","22.2%"
"Israel",2012,-0.453690796443283,-0.716495603944691,-0.136617311276464,"-45.4%","-71.6%","-13.7%"
"Italy",2012,-0.257664520102284,-1,Inf,"-25.8%","-100%","Inf%"
"Jamaica",2012,-0.175681353097593,-0.773958558149991,0.603992510978252,"-17.6%","-77.4%","60.4%"
"Jordan",2012,0.0103532615782935,-0.71703611625084,1.12049764466817,"1%","-71.7%","112%"
"Kazakhstan",2012,0.111806550908891,-0.214684186206302,0.49933542534405,"11.2%","-21.5%","49.9%"
"Kuwait",2012,-0.197741878501704,-0.459050042029885,0.121849417216988,"-19.8%","-45.9%","12.2%"
"Lebanon",2012,1.40530315345036,-1,Inf,"140.5%","-100%","Inf%"
"Macedonia (FYROM)",2012,0.33955720956647,-0.618771309945773,2.34325987839358,"34%","-61.9%","234.3%"
"Mali",2012,1.04959630677263,-5.54649556046636,Inf,"105%","-554.6%","Inf%"
"Mexico",2012,-0.0358764865853428,-0.188810813361514,0.124715629094275,"-3.6%","-18.9%","12.5%"
"Morocco",2012,0.0672147937218834,-0.329932911988211,0.587837881347479,"6.7%","-33%","58.8%"
"Namibia",2012,-0.0282225310513263,-0.468869772174335,0.541111156228648,"-2.8%","-46.9%","54.1%"
"Oman",2012,0.186094722536414,-0.582922112715545,1.64456708842529,"18.6%","-58.3%","164.5%"
"Pakistan",2012,-0.291704118204781,-0.479576013722845,-0.0717724056742486,"-29.2%","-48%","-7.2%"
"Peru",2012,4.71466790214817,-1,Inf,"471.5%","-100%","Inf%"
"Poland",2012,0.0378444430669589,-0.534457423861893,0.867654315799779,"3.8%","-53.4%","86.8%"
"Portugal",2012,-0.289198974845109,-1,1.56291826838686,"-28.9%","-100%","156.3%"
"Puerto Rico",2012,-0.292077802426576,-0.742452694189792,0.330587439231762,"-29.2%","-74.2%","33.1%"
"Qatar",2012,-0.270898107239707,-0.569866394628869,0.0992145727905962,"-27.1%","-57%","9.9%"
"Romania",2012,0.0618218664917458,-0.201953277676118,0.381877299079461,"6.2%","-20.2%","38.2%"
"Russia",2012,0.0448083532528292,-0.119512612208993,0.222913502187009,"4.5%","-12%","22.3%"
"Saudi Arabia",2012,-0.18166284791302,-0.314990452758549,-0.0331227289949585,"-18.2%","-31.5%","-3.3%"
"Serbia",2012,-0.31480340478855,-0.518253671993507,-0.0807378962311136,"-31.5%","-51.8%","-8.1%"
"Singapore",2012,0.181959238949164,-0.109975311187234,0.51780921476637,"18.2%","-11%","51.8%"
"Slovakia",2012,-0.0935513925981399,-1,2.29626806781911,"-9.4%","-100%","229.6%"
"South Africa",2012,0.0130796057401341,-0.120525805256505,0.155664734043484,"1.3%","-12.1%","15.6%"
"South Korea",2012,0.0731045061117352,-0.52461196293706,0.984534069187137,"7.3%","-52.5%","98.5%"
"Spain",2012,0.0170376725662507,-0.445479060317926,0.674124911303501,"1.7%","-44.5%","67.4%"
"Syria",2012,-0.264827206615501,-0.577210489096125,0.137038428376731,"-26.5%","-57.7%","13.7%"
"Taiwan",2012,-0.0162884474779749,-0.69823834813618,1.19133017871563,"-1.6%","-69.8%","119.1%"
"Thailand",2012,0.404320315993173,7.20314340904724,Inf,"40.4%","720.3%","Inf%"
"Trinidad",2012,0.813860504528677,-24.8211408679115,Inf,"81.4%","-2482.1%","Inf%"
"Turkey",2012,-0.0640606505592298,-0.264516368213036,0.159741978516082,"-6.4%","-26.5%","16%"
"Turkmenistan",2012,-0.0351635771550686,-0.761845233985501,1.37202215425765,"-3.5%","-76.2%","137.2%"
"UK",2012,0.21271668984599,5.49893764007443,Inf,"21.3%","549.9%","Inf%"
"USA",2012,-0.313145057778389,-0.457703818219445,-0.156975489852756,"-31.3%","-45.8%","-15.7%"
"Ukraine",2012,-0.0136937616618463,-0.262000129683577,0.276791335719065,"-1.4%","-26.2%","27.7%"
"United Arab Emirates",2012,-0.236160766258211,-0.483979694214867,0.0543898144856334,"-23.6%","-48.4%","5.4%"
"Uzbekistan",2012,-0.0778328160053818,-0.293704837958843,0.170542459477066,"-7.8%","-29.4%","17.1%"
"Venezuela",2012,-0.178572227274174,-0.353702142226181,0.018407598801548,"-17.9%","-35.4%","1.8%"
"Zambia",2012,-0.321425471520624,-0.73827208813508,0.189531139794364,"-32.1%","-73.8%","19%"
"Zimbabwe",2012,-0.387314496116673,-0.718266874078465,0.0339296444994295,"-38.7%","-71.8%","3.4%"
"Albania",2013,0.0319484792191056,-1,Inf,"3.2%","-100%","Inf%"
"Armenia",2013,-0.477485857884525,-1,0.519740638760283,"-47.7%","-100%","52%"
"Aruba",2013,-0.481907739010482,-1,0.244363623078498,"-48.2%","-100%","24.4%"
"Australia",2013,0.13829492076898,-0.0446056411625276,0.340011907053847,"13.8%","-4.5%","34%"
"Bangladesh",2013,-0.329069767291506,-1,1.07306141413043,"-32.9%","-100%","107.3%"
"Belarus",2013,0.0829463042695999,-1,Inf,"8.3%","-100%","Inf%"
"Bosnia and Herzegovina",2013,-0.14560402902713,-0.37167012924869,0.116035724846223,"-14.6%","-37.2%","11.6%"
"Botswana",2013,-0.199462821341056,-0.448778664978357,0.0873705089069299,"-19.9%","-44.9%","8.7%"
"Brazil",2013,0.365020305860688,-0.538562639632562,1.98450155564985,"36.5%","-53.9%","198.5%"
"Bulgaria",2013,-0.375846084027389,-0.686778233614374,-0.0328906174616026,"-37.6%","-68.7%","-3.3%"
"Canada",2013,-0.0917943033098851,-0.473210604698662,0.393524763351361,"-9.2%","-47.3%","39.4%"
"Chile",2013,-0.0855821979451725,-0.474916074270648,0.453435254995408,"-8.6%","-47.5%","45.3%"
"China",2013,-0.241624466497627,-0.299440185118195,-0.181739969627547,"-24.2%","-29.9%","-18.2%"
"Colombia",2013,0.301751521690562,-0.666605420747601,2.21443024350254,"30.2%","-66.7%","221.4%"
"Croatia",2013,-0.017487589131289,-0.91651018661078,1.8081034581678,"-1.7%","-91.7%","180.8%"
"Cuba",2013,-0.00372861805471814,-0.181995270848592,0.194730879514353,"-0.4%","-18.2%","19.5%"
"Curacao",2013,1.45497691214818,-46.8948289497742,Inf,"145.5%","-4689.5%","Inf%"
"Cyprus",2013,-0.366436308716103,-1,0.887551965124316,"-36.6%","-100%","88.8%"
"Czech Republic",2013,-0.590961573569419,-1,0.558558988936149,"-59.1%","-100%","55.9%"
"Egypt",2013,-0.0275864178862798,-0.413978556423388,0.458943211195242,"-2.8%","-41.4%","45.9%"
"Estonia",2013,0.502761412056162,-1,Inf,"50.3%","-100%","Inf%"
"France",2013,-0.425563849275143,-0.965519721477005,0.350905360060027,"-42.6%","-96.6%","35.1%"
"Georgia",2013,0.0840127585431982,5.70912805858132,Inf,"8.4%","570.9%","Inf%"
"Germany",2013,0.97929599167951,-0.632599358246245,4.87730985375563,"97.9%","-63.3%","487.7%"
"Greece",2013,0.166834289651564,-0.588720475528066,1.38384477410592,"16.7%","-58.9%","138.4%"
"Guatemala",2013,0.113589697499339,3.70676634936497,Inf,"11.4%","370.7%","Inf%"
"Honduras",2013,0.316204662978337,-0.838249062665567,2.89379825170955,"31.6%","-83.8%","289.4%"
"India",2013,0.0827308754278073,0.00871023233571555,0.159602584247091,"8.3%","0.9%","16%"
"Indonesia",2013,-0.0828351961775666,-0.327893606453182,0.197336897736555,"-8.3%","-32.8%","19.7%"
"Iran",2013,-0.219588453304829,-0.319844929231692,-0.114124765544543,"-22%","-32%","-11.4%"
"Iraq",2013,-0.0591312876600557,-0.350405546221183,0.273906222917779,"-5.9%","-35%","27.4%"
"Israel",2013,-0.267589423473872,-0.738655284733958,0.351201630073385,"-26.8%","-73.9%","35.1%"
"Italy",2013,0.223340964279463,-1,Inf,"22.3%","-100%","Inf%"
"Jamaica",2013,0.0907629264618608,-0.640090313633272,1.49547005831165,"9.1%","-64%","149.5%"
"Jordan",2013,-0.116661346780954,-0.898417742984857,1.11240401882922,"-11.7%","-89.8%","111.2%"
"Kazakhstan",2013,-0.113615607491729,-0.355828724891735,0.172926685793016,"-11.4%","-35.6%","17.3%"
"Kuwait",2013,0.311812566113054,-0.0807808058348374,0.783392205046076,"31.2%","-8.1%","78.3%"
"Lebanon",2013,-0.649671322566192,-1,Inf,"-65%","-100%","Inf%"
"Macedonia (FYROM)",2013,-0.272828545269445,-0.753977583100311,0.358165961537427,"-27.3%","-75.4%","35.8%"
"Mali",2013,0.19072174587708,-0.800262890083775,1.84960092858462,"19.1%","-80%","185%"
"Mexico",2013,0.134057100315168,-0.0507556254794018,0.340624352718375,"13.4%","-5.1%","34.1%"
"Morocco",2013,-0.0465191249489963,-0.374428328807259,0.346804567597548,"-4.7%","-37.4%","34.7%"
"Namibia",2013,0.197881955166364,-0.403028477717715,0.971629461130346,"19.8%","-40.3%","97.2%"
"Oman",2013,-0.650118029277079,-1,-0.199472697493108,"-65%","-100%","-19.9%"
"Pakistan",2013,0.147724717129747,-0.142583523924661,0.482803972191493,"14.8%","-14.3%","48.3%"
"Peru",2013,2.338971390946,-1,Inf,"233.9%","-100%","Inf%"
"Poland",2013,-0.0131646968697832,-0.560060454624915,0.739178625989211,"-1.3%","-56%","73.9%"
"Portugal",2013,-0.592260276473744,-1,Inf,"-59.2%","-100%","Inf%"
"Puerto Rico",2013,-0.0730424696101791,-0.771401799211381,0.973302825757765,"-7.3%","-77.1%","97.3%"
"Qatar",2013,0.0338931399783142,-0.373280859186593,0.564350252824837,"3.4%","-37.3%","56.4%"
"Romania",2013,-0.610543870544926,-0.755759028501949,-0.45638357684941,"-61.1%","-75.6%","-45.6%"
"Russia",2013,-0.00695011527222766,-0.165748070964376,0.165968210308241,"-0.7%","-16.6%","16.6%"
"Saudi Arabia",2013,0.0010016911777011,-0.150590809072654,0.164172143790223,"0.1%","-15.1%","16.4%"
"Serbia",2013,0.0749820235510297,-0.22895324525912,0.443479085915205,"7.5%","-22.9%","44.3%"
"Singapore",2013,-0.242661732238779,-0.446145166130491,-0.0128982823480167,"-24.3%","-44.6%","-1.3%"
"Slovakia",2013,0.688721456266871,-1,Inf,"68.9%","-100%","Inf%"
"South Africa",2013,-0.0247290675825531,-0.151327876621557,0.111726579128347,"-2.5%","-15.1%","11.2%"
"South Korea",2013,-0.0251052215170463,-0.525945027929252,0.65918619812203,"-2.5%","-52.6%","65.9%"
"Spain",2013,0.0247657070206888,-0.401284678302273,0.558731508667707,"2.5%","-40.1%","55.9%"
"Syria",2013,-0.737946759146112,-1,-0.359549635811058,"-73.8%","-100%","-36%"
"Taiwan",2013,-0.104402829472862,-0.688520841606594,0.771700664428775,"-10.4%","-68.9%","77.2%"
"Thailand",2013,-0.152508622432531,-0.700180101859694,0.669419843619057,"-15.3%","-70%","66.9%"
"Trinidad",2013,0.00436637501657833,-0.706096524675546,1.24438631982445,"0.4%","-70.6%","124.4%"
"Turkey",2013,-0.103302716474004,-0.292402575262955,0.110480550930421,"-10.3%","-29.2%","11%"
"Turkmenistan",2013,-0.0896297579719916,-0.604020643593247,0.782387083712534,"-9%","-60.4%","78.2%"
"UK",2013,-0.463539431433113,-1,0.679170692175707,"-46.4%","-100%","67.9%"
"USA",2013,0.0415201177615225,-0.191231063941846,0.307978156239109,"4.2%","-19.1%","30.8%"
"Ukraine",2013,0.0588867802388686,-0.176586246921397,0.329270890808803,"5.9%","-17.7%","32.9%"
"United Arab Emirates",2013,-0.138985592191634,-0.473369067294974,0.257112042521807,"-13.9%","-47.3%","25.7%"
"Uzbekistan",2013,0.277439272204859,0.0103017539820971,0.581872220279158,"27.7%","1%","58.2%"
"Venezuela",2013,0.0738072465683668,-0.153549248735751,0.328776210510727,"7.4%","-15.4%","32.9%"
"Zambia",2013,0.473416580787438,-0.307271894390722,1.83475127264591,"47.3%","-30.7%","183.5%"
"Zimbabwe",2013,0.172430079601155,-0.448080988079804,1.09285153431852,"17.2%","-44.8%","109.3%"
"Albania",2014,0.416617966791175,-1,Inf,"41.7%","-100%","Inf%"
"Armenia",2014,0.101666231143453,-1,Inf,"10.2%","-100%","Inf%"
"Aruba",2014,-0.17713768487462,5.62957559413467,Inf,"-17.7%","563%","Inf%"
"Australia",2014,-0.114507956239546,-0.251113233813756,0.0331952514343483,"-11.5%","-25.1%","3.3%"
"Bangladesh",2014,0.639158330959042,10.9308268637586,Inf,"63.9%","1093.1%","Inf%"
"Belarus",2014,0.0997700978342073,-1,Inf,"10%","-100%","Inf%"
"Bosnia and Herzegovina",2014,-0.110364399622812,-0.369265992446521,0.185407509727059,"-11%","-36.9%","18.5%"
"Botswana",2014,-0.609009003023133,-0.92786754327388,-0.263281836309814,"-60.9%","-92.8%","-26.3%"
"Brazil",2014,-0.133070078693491,-0.66139967760608,0.611633231223451,"-13.3%","-66.1%","61.2%"
"Bulgaria",2014,0.0599963858857389,-0.439683793057176,0.831478473482191,"6%","-44%","83.1%"
"Canada",2014,0.0802208386944039,-0.384852878262942,0.672835383119933,"8%","-38.5%","67.3%"
"Chile",2014,-0.00109409370435465,-0.414756584162522,0.502466845051347,"-0.1%","-41.5%","50.2%"
"China",2014,-0.11337899907652,-0.18584540812721,-0.037881386669965,"-11.3%","-18.6%","-3.8%"
"Colombia",2014,-0.521651497286199,-1,0.213590944505981,"-52.2%","-100%","21.4%"
"Croatia",2014,-0.456718745436725,-1,0.897583094174233,"-45.7%","-100%","89.8%"
"Cuba",2014,-0.0352123611919639,-0.213583358766342,0.158717944968378,"-3.5%","-21.4%","15.9%"
"Curacao",2014,-0.206078995905448,-0.669009434267904,0.538848002637593,"-20.6%","-66.9%","53.9%"
"Cyprus",2014,-0.224869460369672,-1,Inf,"-22.5%","-100%","Inf%"
"Czech Republic",2014,0.471895725480822,-1,Inf,"47.2%","-100%","Inf%"
"Egypt",2014,0.386480549038756,-0.143255179393059,1.05808332853775,"38.6%","-14.3%","105.8%"
"Estonia",2014,0.0263981078505833,-1,Inf,"2.6%","-100%","Inf%"
"France",2014,-0.318102847030324,-1,1.47093529821145,"-31.8%","-100%","147.1%"
"Georgia",2014,-0.0421913188338583,-0.779313459276152,1.33187229329744,"-4.2%","-77.9%","133.2%"
"Germany",2014,-0.362119728606329,-0.842172819007074,0.27586737675612,"-36.2%","-84.2%","27.6%"
"Greece",2014,-0.369080435837357,-0.910269694025059,0.36331722307431,"-36.9%","-91%","36.3%"
"Guatemala",2014,0.0304121093707415,-0.765241265927813,1.26587709072707,"3%","-76.5%","126.6%"
"Honduras",2014,-0.434906015334914,-1,0.621987566578255,"-43.5%","-100%","62.2%"
"India",2014,0.045091484838474,-0.0246817138774658,0.117289884762028,"4.5%","-2.5%","11.7%"
"Indonesia",2014,-0.128471438219501,-0.4063067545287,0.189143750317505,"-12.8%","-40.6%","18.9%"
"Iran",2014,0.0805975150588258,-0.0591793667446811,0.232360257723773,"8.1%","-5.9%","23.2%"
"Iraq",2014,0.226792644557807,-0.137836501960559,0.676362917589186,"22.7%","-13.8%","67.6%"
"Israel",2014,0.247383511724103,-0.483024430802525,1.49750301267954,"24.7%","-48.3%","149.8%"
"Italy",2014,-0.16788236153548,-1,Inf,"-16.8%","-100%","Inf%"
"Jamaica",2014,-0.281622802253588,-0.691137374097917,0.273320897558926,"-28.2%","-69.1%","27.3%"
"Jordan",2014,0.185104935261758,-0.766105797462591,2.48291040966239,"18.5%","-76.6%","248.3%"
"Kazakhstan",2014,-0.0341384123774721,-0.307975482952814,0.27862065588088,"-3.4%","-30.8%","27.9%"
"Kuwait",2014,-0.00816921102228552,-0.279510286078266,0.312645783127688,"-0.8%","-28%","31.3%"
"Lebanon",2014,5.01353805256634,-2.86006231233232,Inf,"501.4%","-286%","Inf%"
"Macedonia (FYROM)",2014,0.0279299730995055,-0.825332264935005,1.35045583673311,"2.8%","-82.5%","135%"
"Mali",2014,0.0630586028128648,-0.763480947254919,1.76360048687778,"6.3%","-76.3%","176.4%"
"Mexico",2014,-0.16986819212006,-0.291883028019961,-0.0386595422547789,"-17%","-29.2%","-3.9%"
"Morocco",2014,0.0443224999282441,-0.3400239376856,0.510030558059465,"4.4%","-34%","51%"
"Namibia",2014,-0.344443815876032,-0.690451691793105,0.132537737985396,"-34.4%","-69%","13.3%"
"Oman",2014,0.895922826844786,10.1418552814026,Inf,"89.6%","1014.2%","Inf%"
"Pakistan",2014,0.0661691130148048,-0.181766525544881,0.353145197755277,"6.6%","-18.2%","35.3%"
"Peru",2014,3.98111880057154,40.8513654206071,Inf,"398.1%","4085.1%","Inf%"
"Poland",2014,0.0149813350040384,-0.519027940380718,0.791795327116332,"1.5%","-51.9%","79.2%"
"Portugal",2014,0.0317088985865184,-1,Inf,"3.2%","-100%","Inf%"
"Puerto Rico",2014,0.104960835950936,-0.697277109500507,1.5865251943938,"10.5%","-69.7%","158.7%"
"Qatar",2014,0.156430232540699,-0.261292567794673,0.674983549727818,"15.6%","-26.1%","67.5%"
"Romania",2014,-0.249530929394258,-0.722367787544709,0.325479020648865,"-25%","-72.2%","32.5%"
"Russia",2014,-0.00915626745267117,-0.171053921078346,0.166853199416092,"-0.9%","-17.1%","16.7%"
"Saudi Arabia",2014,0.0467148133268995,-0.109543850017567,0.217293905584428,"4.7%","-11%","21.7%"
"Serbia",2014,0.0831297227894616,-0.224045720570448,0.432199391790344,"8.3%","-22.4%","43.2%"
"Singapore",2014,-0.204539311054682,-0.463535265287029,0.0937144351777748,"-20.5%","-46.4%","9.4%"
"Slovakia",2014,-0.403402879350005,-1,Inf,"-40.3%","-100%","Inf%"
"South Africa",2014,-0.0803697359153569,-0.199671917490913,0.0466899313095581,"-8%","-20%","4.7%"
"South Korea",2014,0.10992703577127,-0.443879776514691,0.872512194011308,"11%","-44.4%","87.3%"
"Spain",2014,-0.229032515325575,-0.672444238388166,0.30680029563557,"-22.9%","-67.2%","30.7%"
"Syria",2014,2.16623755702515,86.4566634694055,Inf,"216.6%","8645.7%","Inf%"
"Taiwan",2014,-0.1846377059726,-0.803807997329366,0.727716533803594,"-18.5%","-80.4%","72.8%"
"Thailand",2014,-0.288277176415017,-0.97913277027444,0.649645844673643,"-28.8%","-97.9%","65%"
"Trinidad",2014,-0.31430853211122,-0.924918181782683,0.551180557340774,"-31.4%","-92.5%","55.1%"
"Turkey",2014,0.0324867801630409,-0.181989006228888,0.27160241282526,"3.2%","-18.2%","27.2%"
"Turkmenistan",2014,0.0535791636026397,-0.391410103749582,0.639421934774286,"5.4%","-39.1%","63.9%"
"UK",2014,0.632822607336198,20.1612432595908,Inf,"63.3%","2016.1%","Inf%"
"USA",2014,0.00188638913651462,-0.226107522566275,0.255974539420497,"0.2%","-22.6%","25.6%"
"Ukraine",2014,-0.0392822809361745,-0.278912090552171,0.224371911843775,"-3.9%","-27.9%","22.4%"
"United Arab Emirates",2014,0.204897542984187,-0.185251890748349,0.734426535640205,"20.5%","-18.5%","73.4%"
"Uzbekistan",2014,0.00574633820770121,-0.176986354215153,0.210277928815479,"0.6%","-17.7%","21%"
"Venezuela",2014,-0.0647556366566113,-0.270240177384055,0.164804309454161,"-6.5%","-27%","16.5%"
"Zambia",2014,0.0140958334725101,-0.460503290735666,0.561680846620912,"1.4%","-46.1%","56.2%"
"Zimbabwe",2014,-0.0344192472715293,-0.55241861092976,0.644434676361026,"-3.4%","-55.2%","64.4%"
"Albania",2015,-0.444747635841211,-1,Inf,"-44.5%","-100%","Inf%"
"Armenia",2015,0.474656629975389,5.16537005334474,Inf,"47.5%","516.5%","Inf%"
"Aruba",2015,0.317643197364633,-1,3.91028185357781,"31.8%","-100%","391%"
"Australia",2015,0.0717540681289242,-0.092811977161899,0.251087089748687,"7.2%","-9.3%","25.1%"
"Bangladesh",2015,-0.503255189491444,-1,0.808992025579292,"-50.3%","-100%","80.9%"
"Belarus",2015,-0.156773376964206,-1,Inf,"-15.7%","-100%","Inf%"
"Bosnia and Herzegovina",2015,0.0849783074821702,-0.263750745678458,0.497183037709262,"8.5%","-26.4%","49.7%"
"Botswana",2015,2.70654484741867,-0.0105543622378329,9.12294148848458,"270.7%","-1.1%","912.3%"
"Brazil",2015,-0.203689341340028,-0.88437004574844,0.727750589070264,"-20.4%","-88.4%","72.8%"
"Bulgaria",2015,-0.0973978589211797,-0.501054593253728,0.379924191079911,"-9.7%","-50.1%","38%"
"Canada",2015,0.328054567800133,-0.186565322170184,1.01169217111096,"32.8%","-18.7%","101.2%"
"Chile",2015,-0.261088898221599,-0.683201003640735,0.256240864007473,"-26.1%","-68.3%","25.6%"
"China",2015,-0.321278139675579,-0.386953162747734,-0.253100822357066,"-32.1%","-38.7%","-25.3%"
"Colombia",2015,0.851679155413659,16.2439731717176,Inf,"85.2%","1624.4%","Inf%"
"Croatia",2015,-0.134397169616868,-1,Inf,"-13.4%","-100%","Inf%"
"Cuba",2015,0.0534847665966698,-0.141024005239164,0.271132065136133,"5.3%","-14.1%","27.1%"
"Curacao",2015,-0.152709059775631,-0.65110829506901,0.509486469099282,"-15.3%","-65.1%","50.9%"
"Cyprus",2015,0.747445435885843,-1,Inf,"74.7%","-100%","Inf%"
"Czech Republic",2015,0.299497935222949,16.5864258051874,Inf,"29.9%","1658.6%","Inf%"
"Egypt",2015,-0.289478612919423,-0.593626783849917,0.0769756225203988,"-28.9%","-59.4%","7.7%"
"Estonia",2015,1.64043460399554,-1,Inf,"164%","-100%","Inf%"
"France",2015,0.329354520085148,14.5703691342306,Inf,"32.9%","1457%","Inf%"
"Georgia",2015,-0.107755804930795,-0.894167735025961,1.11017266193491,"-10.8%","-89.4%","111%"
"Germany",2015,-0.313479018067023,-1,0.913307976869987,"-31.3%","-100%","91.3%"
"Greece",2015,1.29130452013859,-0.488640143066551,5.54825704784748,"129.1%","-48.9%","554.8%"
"Guatemala",2015,-0.139991224986491,-0.960592061063887,1.23959835441084,"-14%","-96.1%","124%"
"Honduras",2015,0.325225741386021,-1,Inf,"32.5%","-100%","Inf%"
"India",2015,0.0324464236207282,-0.0409734391429607,0.108331007787295,"3.2%","-4.1%","10.8%"
"Indonesia",2015,0.0277374245474409,-0.275797331513575,0.40843932543869,"2.8%","-27.6%","40.8%"
"Iran",2015,-0.173783528678603,-0.285248418471735,-0.0561701092004975,"-17.4%","-28.5%","-5.6%"
"Iraq",2015,-0.193889956881641,-0.444612105388795,0.0903414425374485,"-19.4%","-44.5%","9%"
"Israel",2015,-0.19487315316289,-0.683005340114974,0.418646479948797,"-19.5%","-68.3%","41.9%"
"Italy",2015,0.243204913238759,-1,Inf,"24.3%","-100%","Inf%"
"Jamaica",2015,-0.0880232565388032,-0.87778291040422,0.948411492574564,"-8.8%","-87.8%","94.8%"
"Jordan",2015,-0.0478496392353976,-0.713577369670562,0.817990061366933,"-4.8%","-71.4%","81.8%"
"Kazakhstan",2015,0.0517116324310085,-0.323573210430123,0.484214722938707,"5.2%","-32.4%","48.4%"
"Kuwait",2015,0.18551694861367,-0.118788672021204,0.537953098184223,"18.6%","-11.9%","53.8%"
"Lebanon",2015,-0.224852283495898,-1,1.40022215045922,"-22.5%","-100%","140%"
"Macedonia (FYROM)",2015,-0.0383424211620762,-0.869867547061785,1.63136871567579,"-3.8%","-87%","163.1%"
"Mali",2015,0.16040591266294,-0.71547195009412,1.49406028447959,"16%","-71.5%","149.4%"
"Mexico",2015,0.0481312740996274,-0.112908060369422,0.222459375050421,"4.8%","-11.3%","22.2%"
"Morocco",2015,-0.0258865024620135,-0.371517909982402,0.409487609247278,"-2.6%","-37.2%","40.9%"
"Namibia",2015,1.17037306483803,0.0798869009581997,2.69891937706424,"117%","8%","269.9%"
"Oman",2015,-0.0123652959552366,-0.527087396603697,0.73754444596653,"-1.2%","-52.7%","73.8%"
"Pakistan",2015,-0.227960708792168,-0.445973523508815,0.011115503057485,"-22.8%","-44.6%","1.1%"
"Peru",2015,0.461666165680922,-0.00511109147417188,1.04701074122914,"46.2%","-0.5%","104.7%"
"Poland",2015,-0.224349741613232,-0.742095113035895,0.427451832506749,"-22.4%","-74.2%","42.7%"
"Portugal",2015,1.37825506008438,-1,Inf,"137.8%","-100%","Inf%"
"Puerto Rico",2015,0.113394278046149,-0.637584702969699,1.27337321659105,"11.3%","-63.8%","127.3%"
"Qatar",2015,-0.127066040757967,-0.432149494001822,0.247202460026134,"-12.7%","-43.2%","24.7%"
"Romania",2015,0.972558408129405,-0.0923736909559432,2.8816836489051,"97.3%","-9.2%","288.2%"
"Russia",2015,-0.011066588398807,-0.180390971532359,0.173527179122922,"-1.1%","-18%","17.4%"
"Saudi Arabia",2015,0.0584535448756824,-0.0863358017626312,0.215052633564834,"5.8%","-8.6%","21.5%"
"Serbia",2015,-0.301579496137156,-0.562921352705084,-0.00133070363801202,"-30.2%","-56.3%","-0.1%"
"Singapore",2015,-0.0594014628960692,-0.365655740778401,0.319734073126934,"-5.9%","-36.6%","32%"
"Slovakia",2015,-0.11995034614575,-1,Inf,"-12%","-100%","Inf%"
"South Africa",2015,0.176262862205105,-0.00217304329136803,0.36632513394415,"17.6%","-0.2%","36.6%"
"South Korea",2015,-0.206697143028973,-0.636516853091468,0.355275313388786,"-20.7%","-63.7%","35.5%"
"Spain",2015,0.699352548639909,-0.224648230707092,2.18768082230335,"69.9%","-22.5%","218.8%"
"Syria",2015,-0.439657203629189,-0.932851405307684,0.12604237005893,"-44%","-93.3%","12.6%"
"Taiwan",2015,-0.181812369382334,-0.954375840448187,1.11810411978299,"-18.2%","-95.4%","111.8%"
"Thailand",2015,0.340542234477658,-0.981350177200622,4.0858637162147,"34.1%","-98.1%","408.6%"
"Trinidad",2015,0.405707350179625,-0.841387427644865,3.37953882784077,"40.6%","-84.1%","338%"
"Turkey",2015,-0.136556715931745,-0.340022261406113,0.0888373121858368,"-13.7%","-34%","8.9%"
"Turkmenistan",2015,0.00657614260453832,-0.508440486440304,0.629498468020303,"0.7%","-50.8%","62.9%"
"UK",2015,-0.0575002341304165,-0.97744349321637,1.52973145708878,"-5.8%","-97.7%","153%"
"USA",2015,-0.251910847472223,-0.469144895884358,-0.00983198510874661,"-25.2%","-46.9%","-1%"
"Ukraine",2015,-0.185586155142467,-0.409645853771077,0.0756882691404779,"-18.6%","-41%","7.6%"
"United Arab Emirates",2015,-0.0058322721719346,-0.25238002294052,0.267191099307976,"-0.6%","-25.2%","26.7%"
"Uzbekistan",2015,0.114267662632698,-0.0753026705050761,0.321707010958437,"11.4%","-7.5%","32.2%"
"Venezuela",2015,0.0792639788768574,-0.166731239991013,0.357147185384656,"7.9%","-16.7%","35.7%"
"Zambia",2015,-0.738163399556003,-1,-0.400393556094389,"-73.8%","-100%","-40%"
"Zimbabwe",2015,0.373296383256889,-0.365899608808815,1.43847345692202,"37.3%","-36.6%","143.8%"
"Albania",2016,1.36447821653648,-1,Inf,"136.4%","-100%","Inf%"
"Armenia",2016,0.262653706744727,-0.713556946859481,1.97141804192187,"26.3%","-71.4%","197.1%"
"Aruba",2016,-0.417757503160671,-1,Inf,"-41.8%","-100%","Inf%"
"Australia",2016,-0.197943608696508,-0.344407670215266,-0.041480218125801,"-19.8%","-34.4%","-4.1%"
"Bangladesh",2016,1.28657156408647,-1,Inf,"128.7%","-100%","Inf%"
"Belarus",2016,-0.0767272676016556,-1,Inf,"-7.7%","-100%","Inf%"
"Bosnia and Herzegovina",2016,0.0863744517547891,-0.259615599239004,0.50563114708016,"8.6%","-26%","50.6%"
"Botswana",2016,-0.441097228925267,-0.610887927333283,-0.232095889626668,"-44.1%","-61.1%","-23.2%"
"Brazil",2016,0.149897395596917,-0.778723956448062,2.29849085776473,"15%","-77.9%","229.8%"
"Bulgaria",2016,-0.564183212029167,-0.907462718998511,-0.146097216575799,"-56.4%","-90.7%","-14.6%"
"Canada",2016,-0.263411561865989,-0.576113463215693,0.104629759266709,"-26.3%","-57.6%","10.5%"
"Chile",2016,-0.0255352999400302,-0.61045670457327,0.870849317540099,"-2.6%","-61%","87.1%"
"China",2016,-0.215105197935082,-0.317156699614281,-0.108150272482214,"-21.5%","-31.7%","-10.8%"
"Colombia",2016,-0.0180965343097885,-0.73988331106957,0.891947858160286,"-1.8%","-74%","89.2%"
"Croatia",2016,0.54750088182815,-1,Inf,"54.8%","-100%","Inf%"
"Cuba",2016,0.0450313354392919,-0.14858039514195,0.256387264250874,"4.5%","-14.9%","25.6%"
"Curacao",2016,-0.0408285923748545,-0.675998777013449,0.891191909104433,"-4.1%","-67.6%","89.1%"
"Cyprus",2016,-0.174785473619709,-1,Inf,"-17.5%","-100%","Inf%"
"Czech Republic",2016,0.175595694768567,-0.975593118219977,3.17616177614791,"17.6%","-97.6%","317.6%"
"Egypt",2016,0.00545942872910543,-0.495390264182148,0.652708625126617,"0.5%","-49.5%","65.3%"
"Estonia",2016,-0.586358679774809,-1,Inf,"-58.6%","-100%","Inf%"
"France",2016,-0.00972281836725986,-1,2.95744198053492,"-1%","-100%","295.7%"
"Georgia",2016,0.162485688216036,-0.849602194318222,2.48301924010052,"16.2%","-85%","248.3%"
"Germany",2016,-0.306742931073783,-1,Inf,"-30.7%","-100%","Inf%"
"Greece",2016,-0.11721467633733,-0.561675109407161,0.462504372552794,"-11.7%","-56.2%","46.3%"
"Guatemala",2016,-0.0448195433770253,-1,2.44343079354936,"-4.5%","-100%","244.3%"
"Honduras",2016,0.226182036116051,5.96755348781438,Inf,"22.6%","596.8%","Inf%"
"India",2016,0.201064595136866,0.116204289165803,0.289466921283178,"20.1%","11.6%","28.9%"
"Indonesia",2016,0.217906937828047,-0.0701469723264296,0.549557990755612,"21.8%","-7%","55%"
"Iran",2016,0.393147113884938,0.20810847827269,0.595201817066326,"39.3%","20.8%","59.5%"
"Iraq",2016,0.251135545090787,-0.173317583985761,0.766191155228017,"25.1%","-17.3%","76.6%"
"Israel",2016,0.439737513526493,-0.43492199539319,1.84378670969199,"44%","-43.5%","184.4%"
"Italy",2016,0.246108557062978,-1,Inf,"24.6%","-100%","Inf%"
"Jamaica",2016,0.432905957901638,-0.728100258455664,3.222332459925,"43.3%","-72.8%","322.2%"
"Jordan",2016,-0.0348652979884897,-0.66740205914345,1.12721885841886,"-3.5%","-66.7%","112.7%"
"Kazakhstan",2016,-0.151467367385825,-0.477028373253523,0.258326575028556,"-15.1%","-47.7%","25.8%"
"Kuwait",2016,-0.268072384538638,-0.49356570792637,-0.0151013926226795,"-26.8%","-49.4%","-1.5%"
"Lebanon",2016,0.281329127363453,8.16400453269603,Inf,"28.1%","816.4%","Inf%"
"Macedonia (FYROM)",2016,-0.0571952719384085,-0.838193776503221,1.47171302640213,"-5.7%","-83.8%","147.2%"
"Mali",2016,-0.414807075060386,-0.906192172687919,0.43245818861434,"-41.5%","-90.6%","43.2%"
"Mexico",2016,0.260340012730738,0.0824233730284296,0.455202619776698,"26%","8.2%","45.5%"
"Morocco",2016,0.0155322181579947,-0.353063293780871,0.455211144245365,"1.6%","-35.3%","45.5%"
"Namibia",2016,-0.562494569835681,-0.846953776057743,-0.207019256039636,"-56.2%","-84.7%","-20.7%"
"Oman",2016,-0.666720326269779,-1,0.0944284903947239,"-66.7%","-100%","9.4%"
"Pakistan",2016,0.288443146572036,-0.0658075895742926,0.724782272271981,"28.8%","-6.6%","72.5%"
"Peru",2016,-0.390317683627018,-0.701366930793037,-0.0494329104818398,"-39%","-70.1%","-4.9%"
"Poland",2016,-0.443545081428662,-1,0.556911996193188,"-44.4%","-100%","55.7%"
"Portugal",2016,0.904853557694564,16.5971212967261,Inf,"90.5%","1659.7%","Inf%"
"Puerto Rico",2016,0.0211752872697428,-0.66871370507121,1.10706360620978,"2.1%","-66.9%","110.7%"
"Qatar",2016,-0.265883487978528,-0.636749613140264,0.159895886538427,"-26.6%","-63.7%","16%"
"Romania",2016,-0.581085770537905,-0.88634883468631,-0.248761310317018,"-58.1%","-88.6%","-24.9%"
"Russia",2016,0.00922673718682221,-0.151143199626899,0.187013104368282,"0.9%","-15.1%","18.7%"
"Saudi Arabia",2016,0.335850103990387,0.164066338892682,0.520334082242724,"33.6%","16.4%","52%"
"Serbia",2016,0.064345556335407,-0.386226649088565,0.636003095665191,"6.4%","-38.6%","63.6%"
"Singapore",2016,0.0864226434267521,-0.247262150863161,0.481505725203432,"8.6%","-24.7%","48.2%"
"Slovakia",2016,0.521844057770045,-1,Inf,"52.2%","-100%","Inf%"
"South Africa",2016,-0.142933667697833,-0.271559896680326,-0.00126602208633009,"-14.3%","-27.2%","-0.1%"
"South Korea",2016,0.118347633415638,-0.491346071629663,1.00308021121487,"11.8%","-49.1%","100.3%"
"Spain",2016,-0.476584183828355,-0.831762406322204,-0.0489798903800658,"-47.7%","-83.2%","-4.9%"
"Syria",2016,0.207560795407889,-0.887624082738872,2.828560018077,"20.8%","-88.8%","282.9%"
"Taiwan",2016,1.17385755925979,-0.733188364336148,6.35488051981437,"117.4%","-73.3%","635.5%"
"Thailand",2016,-0.0689881685687997,-0.929411929196528,2.04991148378485,"-6.9%","-92.9%","205%"
"Trinidad",2016,-0.240879061805909,-0.958441869421012,0.954725318399923,"-24.1%","-95.8%","95.5%"
"Turkey",2016,0.0134871090400013,-0.242130170047414,0.307522418503661,"1.3%","-24.2%","30.8%"
"Turkmenistan",2016,-0.0694327734102465,-0.66208859018562,0.745316533316366,"-6.9%","-66.2%","74.5%"
"UK",2016,-0.3321225248172,-1,1.57421127038126,"-33.2%","-100%","157.4%"
"USA",2016,-0.212343686355659,-0.500900374306169,0.126929622793392,"-21.2%","-50.1%","12.7%"
"Ukraine",2016,-0.0410560842422534,-0.327879314272546,0.288749045377142,"-4.1%","-32.8%","28.9%"
"United Arab Emirates",2016,0.0973967923002019,-0.243388434512567,0.486036170727403,"9.7%","-24.3%","48.6%"
"Uzbekistan",2016,-0.238884547955004,-0.393751354117863,-0.071574805651054,"-23.9%","-39.4%","-7.2%"
"Venezuela",2016,-0.0134332634709988,-0.239373499683443,0.242669918553325,"-1.3%","-23.9%","24.3%"
"Zambia",2016,-0.41670812179303,-1,Inf,"-41.7%","-100%","Inf%"
"Zimbabwe",2016,0.122269202469121,-0.396650190042203,0.858309468677735,"12.2%","-39.7%","85.8%"
"Albania",2017,-0.600121200356583,-1,Inf,"-60%","-100%","Inf%"
"Armenia",2017,0.27983256765969,-0.619026270546232,1.89052806979242,"28%","-61.9%","189.1%"
"Aruba",2017,0.224389184382039,-1,Inf,"22.4%","-100%","Inf%"
"Australia",2017,0.0658842373233999,-0.144729573031049,0.302216066708237,"6.6%","-14.5%","30.2%"
"Bangladesh",2017,-0.0939729132097539,2.94635454432266,Inf,"-9.4%","294.6%","Inf%"
"Belarus",2017,-0.626738160156792,-1,Inf,"-62.7%","-100%","Inf%"
"Bosnia and Herzegovina",2017,0.0172773130714563,-0.284730197114684,0.378808920466393,"1.7%","-28.5%","37.9%"
"Botswana",2017,-0.80001869717568,-1,-0.487102070064224,"-80%","-100%","-48.7%"
"Brazil",2017,0.188771153478301,-0.534862222799666,1.28427855726402,"18.9%","-53.5%","128.4%"
"Bulgaria",2017,1.21081167505729,-0.344492644071515,4.63574049959912,"121.1%","-34.4%","463.6%"
"Canada",2017,-0.206945004493637,-0.617934174429231,0.32335385191668,"-20.7%","-61.8%","32.3%"
"Chile",2017,0.620638611216026,-0.246528891885007,1.89420522506869,"62.1%","-24.7%","189.4%"
"China",2017,-0.337974897401616,-0.461818356309664,-0.206259085620004,"-33.8%","-46.2%","-20.6%"
"Colombia",2017,-0.31693596075896,-1,0.919709972152818,"-31.7%","-100%","92%"
"Croatia",2017,0.612469814880102,57.1776290272724,Inf,"61.2%","5717.8%","Inf%"
"Cuba",2017,-0.172312088326977,-0.343892627556876,0.0169863518624467,"-17.2%","-34.4%","1.7%"
"Curacao",2017,0.295683400090492,-0.58063964901684,1.6825709608522,"29.6%","-58.1%","168.3%"
"Cyprus",2017,0.376479092287692,5.16516352140565,Inf,"37.6%","516.5%","Inf%"
"Czech Republic",2017,-0.125511241462997,-1,2.06399722301007,"-12.6%","-100%","206.4%"
"Egypt",2017,0.129066513031233,-0.386569752154366,0.863681480758388,"12.9%","-38.7%","86.4%"
"Estonia",2017,-0.668221522073377,-1,Inf,"-66.8%","-100%","Inf%"
"France",2017,-0.234496211723552,-1,Inf,"-23.4%","-100%","Inf%"
"Georgia",2017,0.014638251000747,-0.777640272527276,1.43010701458229,"1.5%","-77.8%","143%"
"Germany",2017,1.13397963959741,-11.4383668639909,Inf,"113.4%","-1143.8%","Inf%"
"Greece",2017,-0.170863630751799,-0.645774469075262,0.466925924106386,"-17.1%","-64.6%","46.7%"
"Guatemala",2017,0.228265113535899,4.64775409648467,Inf,"22.8%","464.8%","Inf%"
"Honduras",2017,-0.181033634814703,-0.887432662466382,0.946627638862813,"-18.1%","-88.7%","94.7%"
"India",2017,-0.0375605102889078,-0.102871043540979,0.030019512396688,"-3.8%","-10.3%","3%"
"Indonesia",2017,-0.145946459340691,-0.346456850562238,0.0802228156752272,"-14.6%","-34.6%","8%"
"Iran",2017,-0.137521417224275,-0.249730659568034,-0.0189018788639232,"-13.8%","-25%","-1.9%"
"Iraq",2017,0.13824914127819,-0.216364829079549,0.573964843170029,"13.8%","-21.6%","57.4%"
"Israel",2017,-0.0396124830125307,-0.547032973010832,0.691940174678167,"-4%","-54.7%","69.2%"
"Italy",2017,-0.633635393035497,-1,Inf,"-63.4%","-100%","Inf%"
"Jamaica",2017,-0.380708650473195,-0.995460981565434,0.387099331024566,"-38.1%","-99.5%","38.7%"
"Jordan",2017,-0.274369497646077,-0.990360986238009,0.598209722858957,"-27.4%","-99%","59.8%"
"Kazakhstan",2017,0.313424591622142,-0.117664637394574,0.864595318890623,"31.3%","-11.8%","86.5%"
"Kuwait",2017,-0.0552231216770136,-0.345798188828385,0.304635221869099,"-5.5%","-34.6%","30.5%"
"Lebanon",2017,0.143968119660679,-0.845664093129632,2.21197498396323,"14.4%","-84.6%","221.2%"
"Macedonia (FYROM)",2017,0.477102326328339,-0.567143729304792,2.47884845661854,"47.7%","-56.7%","247.9%"
"Mali",2017,-0.613250596301145,-1,0.544668944151103,"-61.3%","-100%","54.5%"
"Mexico",2017,-0.225709368832759,-0.323987592409274,-0.120603054492617,"-22.6%","-32.4%","-12.1%"
"Morocco",2017,-0.115452848343992,-0.496704696665697,0.348323803059023,"-11.5%","-49.7%","34.8%"
"Namibia",2017,0.0632014287569203,-0.643168366904645,1.25455531630886,"6.3%","-64.3%","125.5%"
"Oman",2017,-1,-1,Inf,"-100%","-100%","Inf%"
"Pakistan",2017,0.0279981893586001,-0.213163070732794,0.300786139741258,"2.8%","-21.3%","30.1%"
"Peru",2017,1.1598623454582,0.170375506579264,2.74247516447493,"116%","17%","274.2%"
"Poland",2017,1.11491600564822,169.89107736941,Inf,"111.5%","16989.1%","Inf%"
"Portugal",2017,-0.58971185469513,-1,0.486682237191253,"-59%","-100%","48.7%"
"Puerto Rico",2017,0.230790205283698,-0.532877921330607,1.4588861126532,"23.1%","-53.3%","145.9%"
"Qatar",2017,0.389042159209978,-0.283223408787103,1.40955171929473,"38.9%","-28.3%","141%"
"Romania",2017,-0.177512298679337,-1,1.23523085261774,"-17.8%","-100%","123.5%"
"Russia",2017,-0.0567865083520269,-0.205303317160243,0.102383577937481,"-5.7%","-20.5%","10.2%"
"Saudi Arabia",2017,0.0816667074887882,-0.0459288200665033,0.218595192317169,"8.2%","-4.6%","21.9%"
"Serbia",2017,0.0020229531928917,-0.379976829664249,0.506484404894404,"0.2%","-38%","50.6%"
"Singapore",2017,0.0165116541909396,-0.276579083968371,0.368874908510196,"1.7%","-27.7%","36.9%"
"Slovakia",2017,-0.513572000067056,-1,Inf,"-51.4%","-100%","Inf%"
"South Africa",2017,0.0619590511234207,-0.0816523360297167,0.216284171419925,"6.2%","-8.2%","21.6%"
"South Korea",2017,0.144526595968506,-0.433530844691419,0.950484848665783,"14.5%","-43.4%","95%"
"Spain",2017,-0.0567432127713533,-0.773814400919592,1.16695517379583,"-5.7%","-77.4%","116.7%"
"Syria",2017,0.480924946451182,-0.638326810678031,2.72804427571676,"48.1%","-63.8%","272.8%"
"Taiwan",2017,-0.360288729821526,-0.80690029056388,0.188683848835389,"-36%","-80.7%","18.9%"
"Thailand",2017,0.108009210097261,-0.746795207292934,1.88963249005152,"10.8%","-74.7%","189%"
"Trinidad",2017,0.253084659665457,-0.94261616779448,3.35346504616733,"25.3%","-94.3%","335.3%"
"Turkey",2017,0.221585431020331,-0.049614650801865,0.538068365701358,"22.2%","-5%","53.8%"
"Turkmenistan",2017,0.23111910658988,-0.450948459304046,1.38083397532341,"23.1%","-45.1%","138.1%"
"UK",2017,-0.138843706255513,-1,Inf,"-13.9%","-100%","Inf%"
"USA",2017,0.207039429065488,-0.223765813494565,0.759018051241758,"20.7%","-22.4%","75.9%"
"Ukraine",2017,0.20208062390509,-0.13955909448968,0.61760529520073,"20.2%","-14%","61.8%"
"United Arab Emirates",2017,0.097538332422259,-0.258046363733413,0.530525986519302,"9.8%","-25.8%","53.1%"
"Uzbekistan",2017,0.031933214991597,-0.202504609638649,0.296971325394601,"3.2%","-20.3%","29.7%"
"Venezuela",2017,-0.176525458597611,-0.385550382231167,0.0574532580452853,"-17.7%","-38.6%","5.7%"
"Zambia",2017,0.749662589210492,-1,Inf,"75%","-100%","Inf%"
"Zimbabwe",2017,-0.237629681043581,-0.592206443859668,0.203442837820791,"-23.8%","-59.2%","20.3%"
"Albania",2018,0.0372800174129311,-1,Inf,"3.7%","-100%","Inf%"
"Armenia",2018,-0.0248696790560535,-0.605730135554189,0.88430991238216,"-2.5%","-60.6%","88.4%"
"Aruba",2018,-1,-1,Inf,"-100%","-100%","Inf%"
"Australia",2018,-0.0495195028614531,-0.234201062277165,0.154779416777672,"-5%","-23.4%","15.5%"
"Bangladesh",2018,0.0357385038156366,-0.984059868051157,2.32560088820666,"3.6%","-98.4%","232.6%"
"Belarus",2018,3.10319296346824,-1,Inf,"310.3%","-100%","Inf%"
"Bosnia and Herzegovina",2018,-0.0399543935257362,-0.317000042236477,0.284603652365295,"-4%","-31.7%","28.5%"
"Botswana",2018,-1,-1,Inf,"-100%","-100%","Inf%"
"Brazil",2018,-0.273119672811937,-0.793624873329111,0.445408366168023,"-27.3%","-79.4%","44.5%"
"Bulgaria",2018,-0.239388438406489,-0.669994684710119,0.278052767613609,"-23.9%","-67%","27.8%"
"Canada",2018,-0.144576578179573,-0.739394223531344,0.63833609001486,"-14.5%","-73.9%","63.8%"
"Chile",2018,-0.026621952726489,-0.485947416353117,0.607254207318823,"-2.7%","-48.6%","60.7%"
"China",2018,-0.179575480850158,-0.372395433459402,0.0348966998603342,"-18%","-37.2%","3.5%"
"Colombia",2018,0.287251476117095,9.86492219754103,Inf,"28.7%","986.5%","Inf%"
"Croatia",2018,-0.20952013453399,-1,1.43012762125413,"-21%","-100%","143%"
"Cuba",2018,0.146583889250798,-0.0804035546961431,0.404778968204398,"14.7%","-8%","40.5%"
"Curacao",2018,-0.434216856968007,-0.937207403817888,0.28106371537596,"-43.4%","-93.7%","28.1%"
"Cyprus",2018,-0.0267141748104501,-0.992185318747095,2.54044688848028,"-2.7%","-99.2%","254%"
"Czech Republic",2018,-0.409632719075581,-1,Inf,"-41%","-100%","Inf%"
"Egypt",2018,-0.0653738573294886,-0.447065968190748,0.415291243876949,"-6.5%","-44.7%","41.5%"
"Estonia",2018,3.82111649087799,-1,Inf,"382.1%","-100%","Inf%"
"France",2018,0.649083377054535,-1,Inf,"64.9%","-100%","Inf%"
"Georgia",2018,-0.371198656933966,-0.958689586305459,0.570344121995084,"-37.1%","-95.9%","57%"
"Germany",2018,-0.0378398213429019,-0.882322428706003,1.51226838882566,"-3.8%","-88.2%","151.2%"
"Greece",2018,-0.533808905632582,-1,0.168054621278556,"-53.4%","-100%","16.8%"
"Guatemala",2018,-0.070855714861897,-0.881215440768458,1.53132718336129,"-7.1%","-88.1%","153.1%"
"Honduras",2018,0.110861898904647,-0.896234301225399,2.23293057176794,"11.1%","-89.6%","223.3%"
"India",2018,0.00510748079184853,-0.0620793678503972,0.0748129701329381,"0.5%","-6.2%","7.5%"
"Indonesia",2018,-0.0516803909950853,-0.329989585009411,0.258610471190903,"-5.2%","-33%","25.9%"
"Iran",2018,0.1999280808848,0.0425646806257549,0.370334778753023,"20%","4.3%","37%"
"Iraq",2018,-0.417445631347467,-0.6455389980249,-0.159974829683337,"-41.7%","-64.6%","-16%"
"Israel",2018,-0.285837859901683,-0.72767491559581,0.284731148393978,"-28.6%","-72.8%","28.5%"
"Italy",2018,0.000738443474733064,-1,Inf,"0.1%","-100%","Inf%"
"Jamaica",2018,0.52009419784717,-0.977359096618516,5.07915830003336,"52%","-97.7%","507.9%"
"Jordan",2018,0.202433065135159,-0.973533144258445,3.73736967332403,"20.2%","-97.4%","373.7%"
"Kazakhstan",2018,-0.26993490224535,-0.528659122891566,0.0239917672392853,"-27%","-52.9%","2.4%"
"Kuwait",2018,-0.0535333717176582,-0.342336060191209,0.278723930549218,"-5.4%","-34.2%","27.9%"
"Lebanon",2018,-0.415334177388291,-1,0.675581328065522,"-41.5%","-100%","67.6%"
"Macedonia (FYROM)",2018,-0.0697051408612526,-0.646981442312263,0.771319831360836,"-7%","-64.7%","77.1%"
"Mali",2018,3.39628918831912,-6.81666358858403,Inf,"339.6%","-681.7%","Inf%"
"Mexico",2018,-0.0654687752234721,-0.192572116835796,0.0698407920522068,"-6.5%","-19.3%","7%"
"Morocco",2018,-0.196012069385397,-0.611154194346726,0.335712809029369,"-19.6%","-61.1%","33.6%"
"Namibia",2018,-0.521545848065099,-0.969585338667883,0.0715703754150505,"-52.2%","-97%","7.2%"
"Oman",2018,NA,-1,Inf,"NaN%","-100%","Inf%"
"Pakistan",2018,-0.188679234231301,-0.390306746401597,0.0397627383951209,"-18.9%","-39%","4%"
"Peru",2018,0.227344588476628,-0.109235650019589,0.62698553939038,"22.7%","-10.9%","62.7%"
"Poland",2018,-0.304823760719121,-0.863217880623658,0.456055043118267,"-30.5%","-86.3%","45.6%"
"Portugal",2018,-0.4540447449123,-1,Inf,"-45.4%","-100%","Inf%"
"Puerto Rico",2018,-0.278401269441252,-0.801152400167437,0.427795460926971,"-27.8%","-80.1%","42.8%"
"Qatar",2018,0.351257960333086,-0.181351143136728,1.02269186054549,"35.1%","-18.1%","102.3%"
"Romania",2018,-0.419604931962077,-1,Inf,"-42%","-100%","Inf%"
"Russia",2018,-0.0589235507186373,-0.231187653028785,0.128313949508743,"-5.9%","-23.1%","12.8%"
"Saudi Arabia",2018,-0.232000694494267,-0.325077400722992,-0.133845905433779,"-23.2%","-32.5%","-13.4%"
"Serbia",2018,0.130964589152617,-0.243459798648794,0.587494431856452,"13.1%","-24.3%","58.7%"
"Singapore",2018,-0.236463120137838,-0.507154404915269,0.0676467132109964,"-23.6%","-50.7%","6.8%"
"Slovakia",2018,0.219005205928642,-1,Inf,"21.9%","-100%","Inf%"
"South Africa",2018,-0.034407595116871,-0.171310853233165,0.112139873298476,"-3.4%","-17.1%","11.2%"
"South Korea",2018,-0.0884141619506414,-0.52503645192645,0.501317339777197,"-8.8%","-52.5%","50.1%"
"Spain",2018,0.0452850187882734,-0.728302049067925,1.38026783209246,"4.5%","-72.8%","138%"
"Syria",2018,-0.206725867574682,-0.730980600671188,0.602245929591929,"-20.7%","-73.1%","60.2%"
"Taiwan",2018,0.411370055857275,-0.524880073421072,2.15865774976782,"41.1%","-52.5%","215.9%"
"Thailand",2018,-0.00305417652812146,-0.71523977375943,1.0664836237124,"-0.3%","-71.5%","106.6%"
"Trinidad",2018,0.149049216704923,-0.852651771539158,2.33285290143796,"14.9%","-85.3%","233.3%"
"Turkey",2018,0.143120964043498,-0.0985250066472146,0.409350863353107,"14.3%","-9.9%","40.9%"
"Turkmenistan",2018,0.200168135001837,-0.343307450359002,0.891298359157707,"20%","-34.3%","89.1%"
"UK",2018,-0.631334858774679,-1,Inf,"-63.1%","-100%","Inf%"
"USA",2018,-0.0416922919418219,-0.383102570540904,0.362789019859161,"-4.2%","-38.3%","36.3%"
"Ukraine",2018,-0.200379351778646,-0.430167245165162,0.0602557778666595,"-20%","-43%","6%"
"United Arab Emirates",2018,0.0655928107475918,-0.257492842389494,0.453086319242742,"6.6%","-25.7%","45.3%"
"Uzbekistan",2018,0.105171714436173,-0.157739544112225,0.401356670890497,"10.5%","-15.8%","40.1%"
"Venezuela",2018,-0.0882366701559421,-0.34099884785161,0.204642047820933,"-8.8%","-34.1%","20.5%"
"Zambia",2018,0.827052947879091,7.66324778468988,Inf,"82.7%","766.3%","Inf%"
"Zimbabwe",2018,0.0583084212241625,-0.41284348255309,0.711142552257065,"5.8%","-41.3%","71.1%"
"Albania",2019,0.0423276558198418,-1,Inf,"4.2%","-100%","Inf%"
"Armenia",2019,-1,-1,-0.392617181689613,"-100%","-100%","-39.3%"
"Aruba",2019,Inf,-1,Inf,"Inf%","-100%","Inf%"
"Australia",2019,0.0947867692805988,-0.115451999076421,0.329229523909539,"9.5%","-11.5%","32.9%"
"Bangladesh",2019,0.0823739585021068,-1,3.14492128868486,"8.2%","-100%","314.5%"
"Belarus",2019,-0.405034252580623,-1,Inf,"-40.5%","-100%","Inf%"
"Bosnia and Herzegovina",2019,-0.333760375815329,-0.589544540956957,-0.0442019499093512,"-33.4%","-59%","-4.4%"
"Botswana",2019,Inf,-1,Inf,"Inf%","-100%","Inf%"
"Brazil",2019,-0.000910406177076273,-0.800558524211418,1.35758993744285,"-0.1%","-80.1%","135.8%"
"Bulgaria",2019,0.297331415137275,-0.375121517849536,1.38496230681338,"29.7%","-37.5%","138.5%"
"Canada",2019,0.527421785978569,-0.482922632380141,2.35155375245253,"52.7%","-48.3%","235.2%"
"Chile",2019,-0.318405666303947,-0.743724651268391,0.199268060487651,"-31.8%","-74.4%","19.9%"
"China",2019,-0.136435253087331,-0.37458794420303,0.133482298697466,"-13.6%","-37.5%","13.3%"
"Colombia",2019,-0.255149986872413,-0.904661468180596,0.684639601908807,"-25.5%","-90.5%","68.5%"
"Croatia",2019,-0.32920154862991,-1,Inf,"-32.9%","-100%","Inf%"
"Cuba",2019,0.01420277158574,-0.171338457159478,0.218252653171957,"1.4%","-17.1%","21.8%"
"Curacao",2019,0.00632159851217517,-0.895374772632878,2.13395175315959,"0.6%","-89.5%","213.4%"
"Cyprus",2019,0.128947249355861,-0.971730043800105,3.24243053223838,"12.9%","-97.2%","324.2%"
"Czech Republic",2019,0.630261205678218,-1,Inf,"63%","-100%","Inf%"
"Egypt",2019,-0.177131790942966,-0.564960096174298,0.302561749301951,"-17.7%","-56.5%","30.3%"
"Estonia",2019,1.42315384581226,18.7179404132917,Inf,"142.3%","1871.8%","Inf%"
"France",2019,-0.236154650770898,-1,Inf,"-23.6%","-100%","Inf%"
"Georgia",2019,1.13252412934736,-0.815652400993357,6.17808758579484,"113.3%","-81.6%","617.8%"
"Germany",2019,-0.441929877745712,-1,0.927194032805816,"-44.2%","-100%","92.7%"
"Greece",2019,3.28378464201911,47.4692875660294,Inf,"328.4%","4746.9%","Inf%"
"Guatemala",2019,0.132022575574432,-0.753308658518311,1.9846889268253,"13.2%","-75.3%","198.5%"
"Honduras",2019,0.242382272131099,-0.789813478750924,2.509561264619,"24.2%","-79%","251%"
"India",2019,0.0906634423468409,0.022260703930199,0.161493449604637,"9.1%","2.2%","16.1%"
"Indonesia",2019,0.0710980965994699,-0.222631857702596,0.435596790198826,"7.1%","-22.3%","43.6%"
"Iran",2019,-0.0906578811223061,-0.201041146156225,0.0271248586206552,"-9.1%","-20.1%","2.7%"
"Iraq",2019,0.200565942114984,-0.277342020643698,0.839207624394962,"20.1%","-27.7%","83.9%"
"Israel",2019,-0.453187892976645,-1,0.417529188913969,"-45.3%","-100%","41.8%"
"Italy",2019,2.20492748171746,-1,Inf,"220.5%","-100%","Inf%"
"Jamaica",2019,-0.248085185780414,-0.790855999718621,0.38238590604256,"-24.8%","-79.1%","38.2%"
"Jordan",2019,-0.26319393207155,-0.858358378704452,0.547242181297882,"-26.3%","-85.8%","54.7%"
"Kazakhstan",2019,0.0817394241230514,-0.323609937592086,0.597084101827991,"8.2%","-32.4%","59.7%"
"Kuwait",2019,0.264896173711865,-0.0760334600596884,0.68790668358714,"26.5%","-7.6%","68.8%"
"Lebanon",2019,-0.277575198652365,-1,Inf,"-27.8%","-100%","Inf%"
"Macedonia (FYROM)",2019,0.28938267216183,-0.492987257067871,1.47933842024397,"28.9%","-49.3%","147.9%"
"Mali",2019,-0.366158043002353,-0.951000224171666,0.567179068172939,"-36.6%","-95.1%","56.7%"
"Mexico",2019,-0.0710989992727169,-0.205446452872439,0.0737979551378516,"-7.1%","-20.5%","7.4%"
"Morocco",2019,0.300306845459398,-0.306260875870564,1.1938137417171,"30%","-30.6%","119.4%"
"Namibia",2019,0.0696885150185942,-1,2.86356169546688,"7%","-100%","286.4%"
"Oman",2019,Inf,-5.1956313832328,Inf,"Inf%","-519.6%","Inf%"
"Pakistan",2019,-0.23433757998026,-0.471839844131104,0.0328797713239708,"-23.4%","-47.2%","3.3%"
"Peru",2019,-0.11775801163784,-0.372089141965376,0.171735485374247,"-11.8%","-37.2%","17.2%"
"Poland",2019,0.14033021454896,-0.788874014230028,2.03235173379127,"14%","-78.9%","203.2%"
"Portugal",2019,2.00305282893621,-1,Inf,"200.3%","-100%","Inf%"
"Puerto Rico",2019,0.243342838336149,-0.655505682658379,1.88115741639469,"24.3%","-65.6%","188.1%"
"Qatar",2019,-0.0802006973202808,-0.4169748483534,0.347885025729037,"-8%","-41.7%","34.8%"
"Romania",2019,0.346047391602905,-1,Inf,"34.6%","-100%","Inf%"
"Russia",2019,-0.00216618221326426,-0.198495398478878,0.215528846558219,"-0.2%","-19.8%","21.6%"
"Saudi Arabia",2019,0.120918104036383,-0.0154208814981182,0.267596541475737,"12.1%","-1.5%","26.8%"
"Serbia",2019,-0.282501235794681,-0.581357458022233,0.0626217551668569,"-28.3%","-58.1%","6.3%"
"Singapore",2019,0.149753745498328,-0.258864284625919,0.679154955195551,"15%","-25.9%","67.9%"
"Slovakia",2019,-0.402917060143122,-1,Inf,"-40.3%","-100%","Inf%"
"South Africa",2019,0.0303877426212784,-0.115030664529438,0.188186281452091,"3%","-11.5%","18.8%"
"South Korea",2019,-0.0553791841815672,-0.524134862190189,0.557550495433474,"-5.5%","-52.4%","55.8%"
"Spain",2019,0.635134042127791,-0.325675631757241,2.36038705773325,"63.5%","-32.6%","236%"
"Syria",2019,0.36979650086349,-0.48775808734675,1.71933222667416,"37%","-48.8%","171.9%"
"Taiwan",2019,0.0369216710086799,-0.545202337093063,0.844074362910897,"3.7%","-54.5%","84.4%"
"Thailand",2019,-0.256924193734386,-1,0.908600800501933,"-25.7%","-100%","90.9%"
"Trinidad",2019,-0.343358697414562,-1,0.799972798842734,"-34.3%","-100%","80%"
"Turkey",2019,0.149351920364043,-0.0871935626681591,0.419257345706488,"14.9%","-8.7%","41.9%"
"Turkmenistan",2019,0.0855199882718807,-0.383426086946356,0.717280137640692,"8.6%","-38.3%","71.7%"
"UK",2019,1.47663663625825,-1,Inf,"147.7%","-100%","Inf%"
"USA",2019,0.162052820628405,-0.24672952396231,0.675951385436812,"16.2%","-24.7%","67.6%"
"Ukraine",2019,0.233597397310208,-0.11618278254514,0.655253911241656,"23.4%","-11.6%","65.5%"
"United Arab Emirates",2019,-0.100056940784254,-0.366037431972389,0.213166220701769,"-10%","-36.6%","21.3%"
"Uzbekistan",2019,-0.0472445684694845,-0.271148310203432,0.210317784966462,"-4.7%","-27.1%","21%"
"Venezuela",2019,-0.210580632629109,-0.507660348108487,0.123979204235143,"-21.1%","-50.8%","12.4%"
"Zambia",2019,-0.836837775526792,-1,-0.0547476057853593,"-83.7%","-100%","-5.5%"
"Zimbabwe",2019,-0.0248637473968072,-0.450063548611293,0.504836117532469,"-2.5%","-45%","50.5%"
"Albania",2020,0.107615104974015,-1,Inf,"10.8%","-100%","Inf%"
"Armenia",2020,Inf,-1,Inf,"Inf%","-100%","Inf%"
"Aruba",2020,-0.140678684360344,-1,Inf,"-14.1%","-100%","Inf%"
"Australia",2020,-0.120872785300771,-0.308562189629145,0.0843337646119258,"-12.1%","-30.9%","8.4%"
"Bangladesh",2020,-0.181844123378641,-1,Inf,"-18.2%","-100%","Inf%"
"Belarus",2020,0.758524741345499,-1,Inf,"75.9%","-100%","Inf%"
"Bosnia and Herzegovina",2020,0.671235933229784,0.0608819152584019,1.49285349794982,"67.1%","6.1%","149.3%"
"Botswana",2020,-1,-1,Inf,"-100%","-100%","Inf%"
"Brazil",2020,0.723627791946467,-0.473504436172181,3.09120393386845,"72.4%","-47.4%","309.1%"
"Bulgaria",2020,-0.0888636605568957,-0.500250580816508,0.418576414259647,"-8.9%","-50%","41.9%"
"Canada",2020,-0.233277404182402,-0.74936972234449,0.468695356496736,"-23.3%","-74.9%","46.9%"
"Chile",2020,0.252884829697852,-0.59080031436058,1.61746673636635,"25.3%","-59.1%","161.7%"
"China",2020,0.115870857901167,-0.219492638542477,0.509424972035805,"11.6%","-21.9%","50.9%"
"Colombia",2020,0.7608710274565,-0.667602648232319,4.15449977734639,"76.1%","-66.8%","415.4%"
"Croatia",2020,0.364232187704288,-1,Inf,"36.4%","-100%","Inf%"
"Cuba",2020,-0.0368808889554071,-0.210983237616565,0.155914258124615,"-3.7%","-21.1%","15.6%"
"Curacao",2020,0.800446837427346,-0.813338703223052,3.69915605826537,"80%","-81.3%","369.9%"
"Cyprus",2020,-0.311218045635412,-1,1.32227524530452,"-31.1%","-100%","132.2%"
"Czech Republic",2020,-0.330099658463917,-1,Inf,"-33%","-100%","Inf%"
"Egypt",2020,0.183608400112395,-0.482163403740712,1.06335937457003,"18.4%","-48.2%","106.3%"
"Estonia",2020,-1,-1,0.479067849534906,"-100%","-100%","47.9%"
"France",2020,-0.382122898260311,-1,Inf,"-38.2%","-100%","Inf%"
"Georgia",2020,-0.302316174678756,-0.992498599515008,0.795846348726494,"-30.2%","-99.2%","79.6%"
"Germany",2020,0.563020602793976,-6.62347797428426,Inf,"56.3%","-662.3%","Inf%"
"Greece",2020,-0.887165298946446,-1,-0.422984223711934,"-88.7%","-100%","-42.3%"
"Guatemala",2020,-0.0677351207816863,-0.734183797857743,0.959143801229565,"-6.8%","-73.4%","95.9%"
"Honduras",2020,-0.22600342897927,-0.90449715791404,0.836358182005418,"-22.6%","-90.4%","83.6%"
"India",2020,-0.135542481470514,-0.199373515381645,-0.0700419912850955,"-13.6%","-19.9%","-7%"
"Indonesia",2020,0.0707729567529154,-0.166217583034572,0.338259692716906,"7.1%","-16.6%","33.8%"
"Iran",2020,0.0273815268111492,-0.102424748685524,0.16532536124061,"2.7%","-10.2%","16.5%"
"Iraq",2020,-0.339719591648142,-0.719998794649693,0.0941041228576474,"-34%","-72%","9.4%"
"Israel",2020,0.603160524556889,16.1451055824656,Inf,"60.3%","1614.5%","Inf%"
"Italy",2020,0.0200524864363048,-1,Inf,"2%","-100%","Inf%"
"Jamaica",2020,0.08597509471491,-0.71405299591769,1.60636702438766,"8.6%","-71.4%","160.6%"
"Jordan",2020,-0.195940506668877,-1,1.47172446311453,"-19.6%","-100%","147.2%"
"Kazakhstan",2020,0.371642886295041,-0.0582930571390459,0.912884321915692,"37.2%","-5.8%","91.3%"
"Kuwait",2020,-0.165029953502782,-0.389629380569803,0.081606409068967,"-16.5%","-39%","8.2%"
"Lebanon",2020,-0.0463899575261572,-1,Inf,"-4.6%","-100%","Inf%"
"Macedonia (FYROM)",2020,-0.100137599624412,-0.71662034328547,0.755963680922031,"-10%","-71.7%","75.6%"
"Mali",2020,0.170098311128165,-0.900173501416562,2.84186383604708,"17%","-90%","284.2%"
"Mexico",2020,0.23093574922361,0.0520221309206199,0.424249580643479,"23.1%","5.2%","42.4%"
"Morocco",2020,-0.154110883065542,-0.60916283473848,0.385481857846856,"-15.4%","-60.9%","38.5%"
"Namibia",2020,-1,-1,Inf,"-100%","-100%","Inf%"
"Oman",2020,-0.484379357712959,-0.952270864228588,0.106598850591807,"-48.4%","-95.2%","10.7%"
"Pakistan",2020,-0.0194332746523767,-0.436647109323071,0.470238118811358,"-1.9%","-43.7%","47%"
"Peru",2020,-0.32276020156539,-0.571359029987453,-0.0349585009942656,"-32.3%","-57.1%","-3.5%"
"Poland",2020,-0.27285850188009,-1,0.873630062948271,"-27.3%","-100%","87.4%"
"Portugal",2020,-0.326896074906171,-1,Inf,"-32.7%","-100%","Inf%"
"Puerto Rico",2020,-0.0133957076566215,-0.700051272079036,1.0404236001158,"-1.3%","-70%","104%"
"Qatar",2020,-0.491062495294504,-0.815107009294537,-0.128881877455984,"-49.1%","-81.5%","-12.9%"
"Romania",2020,0.660846615347504,-1,Inf,"66.1%","-100%","Inf%"
"Russia",2020,0.063172102760525,-0.14797994838096,0.298268619764944,"6.3%","-14.8%","29.8%"
"Saudi Arabia",2020,-0.186049248054976,-0.292205127734745,-0.0741796269865037,"-18.6%","-29.2%","-7.4%"
"Serbia",2020,0.552898389415267,-0.0557171804174871,1.39331384001708,"55.3%","-5.6%","139.3%"
"Singapore",2020,-0.27978148467477,-0.658933009116185,0.143355199583379,"-28%","-65.9%","14.3%"
"Slovakia",2020,2.48334258386813,-2.59732982295649,Inf,"248.3%","-259.7%","Inf%"
"South Africa",2020,0.00395430994470281,-0.159169680157394,0.177170680308711,"0.4%","-15.9%","17.7%"
"South Korea",2020,-0.171476625132827,-0.79863014035506,0.610272215482465,"-17.1%","-79.9%","61%"
"Spain",2020,-0.579327035776392,-0.971932106167509,-0.134614502983244,"-57.9%","-97.2%","-13.5%"
"Syria",2020,-0.205794834383955,-1,0.838988420851001,"-20.6%","-100%","83.9%"
"Taiwan",2020,-0.286040103324246,-0.788047895819471,0.391459461646858,"-28.6%","-78.8%","39.1%"
"Thailand",2020,0.28884430312104,5.58141721847703,Inf,"28.9%","558.1%","Inf%"
"Trinidad",2020,0.191559931417356,-1,Inf,"19.2%","-100%","Inf%"
"Turkey",2020,0.06399905981863,-0.129321102984578,0.27889959590517,"6.4%","-12.9%","27.9%"
"Turkmenistan",2020,-0.0132794804177656,-0.495573983711956,0.57430478402594,"-1.3%","-49.6%","57.4%"
"UK",2020,0.240826592853396,-1,Inf,"24.1%","-100%","Inf%"
"USA",2020,-0.0102049517579849,-0.350423562789167,0.397880523104451,"-1%","-35%","39.8%"
"Ukraine",2020,-0.090894961350319,-0.419196043340804,0.274311166440679,"-9.1%","-41.9%","27.4%"
"United Arab Emirates",2020,-0.133702361894154,-0.407436643506544,0.186078692224398,"-13.4%","-40.7%","18.6%"
"Uzbekistan",2020,0.1433125974058,-0.0998167814368777,0.420301134385167,"14.3%","-10%","42%"
"Venezuela",2020,-0.425338070857342,-0.778347133274119,-0.00242455771155115,"-42.5%","-77.8%","-0.2%"
"Zambia",2020,-1,-1,Inf,"-100%","-100%","Inf%"
"Zimbabwe",2020,-0.142767040090896,-0.58447834806351,0.41990058497635,"-14.3%","-58.4%","42%"
